2020回撤窗口收益,2020回撤窗口最大回撤,信号切换次数,单周股指变化上限,回测区间,基础股指仓位,夏普比率,实验分组,平均周换手,平均资金占用,年化收益,年化波动,方案名称,最大单周换手,最大回撤,月度胜率,期末净值,目标波动,股指平均仓位,股指最大仓位,股指模式,风险预算
-6.89%,-7.07%,23,,全局 (Total),20.00%,1.80,固定仓位比例测试,6.57%,12.93%,10.83%,5.82%,固定仓位_20%,58.23%,-7.22%,67.68%,2.2564,,9.95%,20.00%,fixed,
-6.89%,-7.07%,23,,训练期 (2018-2020),20.00%,1.63,固定仓位比例测试,6.57%,13.54%,10.27%,6.12%,固定仓位_20%,58.23%,-7.22%,66.67%,1.3252,,9.95%,20.00%,fixed,
-6.89%,-7.07%,23,,验证期 (2021-2026),20.00%,1.90,固定仓位比例测试,6.57%,12.58%,11.16%,5.64%,固定仓位_20%,58.23%,-4.98%,68.25%,1.7027,,9.95%,20.00%,fixed,
-6.89%,-7.07%,23,,2018年,20.00%,0.83,固定仓位比例测试,6.57%,12.98%,4.05%,4.95%,固定仓位_20%,58.23%,-4.78%,66.67%,1.0383,,9.95%,20.00%,fixed,
-6.89%,-7.07%,23,,2019年,20.00%,2.42,固定仓位比例测试,6.57%,14.02%,14.33%,5.60%,固定仓位_20%,58.23%,-3.51%,66.67%,1.1385,,9.95%,20.00%,fixed,
-6.89%,-7.07%,23,,2020年,20.00%,1.61,固定仓位比例测试,6.57%,13.59%,12.57%,7.51%,固定仓位_20%,58.23%,-7.22%,66.67%,1.1210,,9.95%,20.00%,fixed,
-6.89%,-7.07%,23,,2021年,20.00%,1.60,固定仓位比例测试,6.57%,14.11%,10.81%,6.57%,固定仓位_20%,58.23%,-3.47%,66.67%,1.1041,,9.95%,20.00%,fixed,
-6.89%,-7.07%,23,,2022年,20.00%,1.10,固定仓位比例测试,6.57%,11.89%,6.84%,6.20%,固定仓位_20%,58.23%,-4.98%,58.33%,1.0656,,9.95%,20.00%,fixed,
-6.89%,-7.07%,23,,2023年,20.00%,2.90,固定仓位比例测试,6.57%,12.17%,10.90%,3.59%,固定仓位_20%,58.23%,-2.05%,58.33%,1.1044,,9.95%,20.00%,fixed,
-6.89%,-7.07%,23,,2024年,20.00%,2.11,固定仓位比例测试,6.57%,11.29%,12.57%,5.68%,固定仓位_20%,58.23%,-2.77%,75.00%,1.1204,,9.95%,20.00%,fixed,
-6.89%,-7.07%,23,,2025年,20.00%,2.30,固定仓位比例测试,6.57%,13.25%,12.47%,5.18%,固定仓位_20%,58.23%,-2.86%,75.00%,1.1200,,9.95%,20.00%,fixed,
-6.89%,-7.07%,23,,2026年,20.00%,2.58,固定仓位比例测试,6.57%,13.42%,21.54%,7.68%,固定仓位_20%,58.23%,-2.75%,100.00%,1.0443,,9.95%,20.00%,fixed,
-7.06%,-7.27%,23,,全局 (Total),25.00%,1.74,固定仓位比例测试,6.74%,12.95%,11.18%,6.20%,固定仓位_25%,57.69%,-7.33%,67.68%,2.3128,,12.44%,25.00%,fixed,
-7.06%,-7.27%,23,,训练期 (2018-2020),25.00%,1.60,固定仓位比例测试,6.74%,13.55%,10.97%,6.66%,固定仓位_25%,57.69%,-7.33%,66.67%,1.3497,,12.44%,25.00%,fixed,
-7.06%,-7.27%,23,,验证期 (2021-2026),25.00%,1.83,固定仓位比例测试,6.74%,12.61%,11.30%,5.93%,固定仓位_25%,57.69%,-4.98%,68.25%,1.7135,,12.44%,25.00%,fixed,
-7.06%,-7.27%,23,,2018年,25.00%,0.72,固定仓位比例测试,6.74%,12.97%,3.70%,5.22%,固定仓位_25%,57.69%,-5.35%,66.67%,1.0350,,12.44%,25.00%,fixed,
-7.06%,-7.27%,23,,2019年,25.00%,2.30,固定仓位比例测试,6.74%,14.07%,15.60%,6.39%,固定仓位_25%,57.69%,-4.08%,66.67%,1.1506,,12.44%,25.00%,fixed,
-7.06%,-7.27%,23,,2020年,25.00%,1.65,固定仓位比例测试,6.74%,13.59%,13.86%,8.05%,固定仓位_25%,57.69%,-7.33%,66.67%,1.1333,,12.44%,25.00%,fixed,
-7.06%,-7.27%,23,,2021年,25.00%,1.43,固定仓位比例测试,6.74%,14.13%,10.23%,7.00%,固定仓位_25%,57.69%,-3.80%,58.33%,1.0985,,12.44%,25.00%,fixed,
-7.06%,-7.27%,23,,2022年,25.00%,1.05,固定仓位比例测试,6.74%,11.90%,6.51%,6.22%,固定仓位_25%,57.69%,-4.98%,58.33%,1.0624,,12.44%,25.00%,fixed,
-7.06%,-7.27%,23,,2023年,25.00%,2.82,固定仓位比例测试,6.74%,12.19%,11.00%,3.72%,固定仓位_25%,57.69%,-2.05%,58.33%,1.1054,,12.44%,25.00%,fixed,
-7.06%,-7.27%,23,,2024年,25.00%,2.02,固定仓位比例测试,6.74%,11.30%,12.98%,6.14%,固定仓位_25%,57.69%,-3.33%,75.00%,1.1243,,12.44%,25.00%,fixed,
-7.06%,-7.27%,23,,2025年,25.00%,2.40,固定仓位比例测试,6.74%,13.31%,13.83%,5.47%,固定仓位_25%,57.69%,-2.86%,83.33%,1.1331,,12.44%,25.00%,fixed,
-7.06%,-7.27%,23,,2026年,25.00%,2.33,固定仓位比例测试,6.74%,13.51%,20.65%,8.19%,固定仓位_25%,57.69%,-2.87%,100.00%,1.0426,,12.44%,25.00%,fixed,
-7.22%,-7.47%,23,,全局 (Total),30.00%,1.68,固定仓位比例测试,6.91%,12.97%,11.52%,6.63%,固定仓位_30%,64.98%,-7.47%,67.68%,2.3697,,14.93%,30.00%,fixed,
-7.22%,-7.47%,23,,训练期 (2018-2020),30.00%,1.56,固定仓位比例测试,6.91%,13.56%,11.67%,7.24%,固定仓位_30%,64.98%,-7.47%,69.44%,1.3745,,14.93%,30.00%,fixed,
-7.22%,-7.47%,23,,验证期 (2021-2026),30.00%,1.76,固定仓位比例测试,6.91%,12.63%,11.43%,6.26%,固定仓位_30%,64.98%,-4.98%,66.67%,1.7240,,14.93%,30.00%,fixed,
-7.22%,-7.47%,23,,2018年,30.00%,0.62,固定仓位比例测试,6.91%,12.95%,3.34%,5.53%,固定仓位_30%,64.98%,-5.94%,66.67%,1.0317,,14.93%,30.00%,fixed,
-7.22%,-7.47%,23,,2019年,30.00%,2.20,固定仓位比例测试,6.91%,14.12%,16.86%,7.21%,固定仓位_30%,64.98%,-4.66%,75.00%,1.1628,,14.93%,30.00%,fixed,
-7.22%,-7.47%,23,,2020年,30.00%,1.68,固定仓位比例测试,6.91%,13.60%,15.15%,8.63%,固定仓位_30%,64.98%,-7.47%,66.67%,1.1457,,14.93%,30.00%,fixed,
-7.22%,-7.47%,23,,2021年,30.00%,1.26,固定仓位比例测试,6.91%,14.16%,9.64%,7.50%,固定仓位_30%,64.98%,-4.14%,58.33%,1.0928,,14.93%,30.00%,fixed,
-7.22%,-7.47%,23,,2022年,30.00%,0.99,固定仓位比例测试,6.91%,11.90%,6.17%,6.24%,固定仓位_30%,64.98%,-4.98%,58.33%,1.0592,,14.93%,30.00%,fixed,
-7.22%,-7.47%,23,,2023年,30.00%,2.73,固定仓位比例测试,6.91%,12.21%,11.10%,3.88%,固定仓位_30%,64.98%,-2.05%,58.33%,1.1064,,14.93%,30.00%,fixed,
-7.22%,-7.47%,23,,2024年,30.00%,1.92,固定仓位比例测试,6.91%,11.31%,13.39%,6.65%,固定仓位_30%,64.98%,-3.89%,75.00%,1.1283,,14.93%,30.00%,fixed,
-7.22%,-7.47%,23,,2025年,30.00%,2.47,固定仓位比例测试,6.91%,13.36%,15.21%,5.81%,固定仓位_30%,64.98%,-2.86%,83.33%,1.1463,,14.93%,30.00%,fixed,
-7.22%,-7.47%,23,,2026年,30.00%,2.10,固定仓位比例测试,6.91%,13.59%,19.76%,8.75%,固定仓位_30%,64.98%,-2.99%,66.67%,1.0409,,14.93%,30.00%,fixed,
-7.39%,-7.66%,23,,全局 (Total),35.00%,1.61,固定仓位比例测试,7.09%,12.99%,11.86%,7.10%,固定仓位_35%,72.28%,-7.67%,67.68%,2.4270,,17.42%,35.00%,fixed,
-7.39%,-7.66%,23,,训练期 (2018-2020),35.00%,1.52,固定仓位比例测试,7.09%,13.57%,12.37%,7.86%,固定仓位_35%,72.28%,-7.67%,69.44%,1.3995,,17.42%,35.00%,fixed,
-7.39%,-7.66%,23,,验证期 (2021-2026),35.00%,1.68,固定仓位比例测试,7.09%,12.66%,11.56%,6.63%,固定仓位_35%,72.28%,-4.98%,66.67%,1.7342,,17.42%,35.00%,fixed,
-7.39%,-7.66%,23,,2018年,35.00%,0.53,固定仓位比例测试,7.09%,12.93%,2.99%,5.86%,固定仓位_35%,72.28%,-6.54%,66.67%,1.0283,,17.42%,35.00%,fixed,
-7.39%,-7.66%,23,,2019年,35.00%,2.11,固定仓位比例测试,7.09%,14.17%,18.13%,8.07%,固定仓位_35%,72.28%,-5.24%,75.00%,1.1751,,17.42%,35.00%,fixed,
-7.39%,-7.66%,23,,2020年,35.00%,1.69,固定仓位比例测试,7.09%,13.60%,16.45%,9.24%,固定仓位_35%,72.28%,-7.67%,66.67%,1.1582,,17.42%,35.00%,fixed,
-7.39%,-7.66%,23,,2021年,35.00%,1.11,固定仓位比例测试,7.09%,14.18%,9.04%,8.07%,固定仓位_35%,72.28%,-4.48%,58.33%,1.0871,,17.42%,35.00%,fixed,
-7.39%,-7.66%,23,,2022年,35.00%,0.94,固定仓位比例测试,7.09%,11.90%,5.84%,6.26%,固定仓位_35%,72.28%,-4.98%,58.33%,1.0560,,17.42%,35.00%,fixed,
-7.39%,-7.66%,23,,2023年,35.00%,2.64,固定仓位比例测试,7.09%,12.24%,11.21%,4.06%,固定仓位_35%,72.28%,-2.05%,58.33%,1.1074,,17.42%,35.00%,fixed,
-7.39%,-7.66%,23,,2024年,35.00%,1.84,固定仓位比例测试,7.09%,11.31%,13.80%,7.17%,固定仓位_35%,72.28%,-4.44%,75.00%,1.1321,,17.42%,35.00%,fixed,
-7.39%,-7.66%,23,,2025年,35.00%,2.51,固定仓位比例测试,7.09%,13.41%,16.60%,6.20%,固定仓位_35%,72.28%,-2.93%,83.33%,1.1596,,17.42%,35.00%,fixed,
-7.39%,-7.66%,23,,2026年,35.00%,1.89,固定仓位比例测试,7.09%,13.67%,18.87%,9.37%,固定仓位_35%,72.28%,-3.11%,66.67%,1.0392,,17.42%,35.00%,fixed,
-7.56%,-7.86%,23,,全局 (Total),40.00%,1.55,固定仓位比例测试,7.27%,13.01%,12.19%,7.60%,固定仓位_40%,80.57%,-7.91%,67.68%,2.4849,,19.90%,40.00%,fixed,
-7.56%,-7.86%,23,,训练期 (2018-2020),40.00%,1.49,固定仓位比例测试,7.27%,13.58%,13.07%,8.51%,固定仓位_40%,80.57%,-7.91%,69.44%,1.4246,,19.90%,40.00%,fixed,
-7.56%,-7.86%,23,,验证期 (2021-2026),40.00%,1.61,固定仓位比例测试,7.27%,12.68%,11.69%,7.04%,固定仓位_40%,80.57%,-5.00%,66.67%,1.7442,,19.90%,40.00%,fixed,
-7.56%,-7.86%,23,,2018年,40.00%,0.45,固定仓位比例测试,7.27%,12.91%,2.62%,6.21%,固定仓位_40%,80.57%,-7.13%,66.67%,1.0249,,19.90%,40.00%,fixed,
-7.56%,-7.86%,23,,2019年,40.00%,2.03,固定仓位比例测试,7.27%,14.22%,19.41%,8.94%,固定仓位_40%,80.57%,-5.82%,75.00%,1.1874,,19.90%,40.00%,fixed,
-7.56%,-7.86%,23,,2020年,40.00%,1.70,固定仓位比例测试,7.27%,13.60%,17.76%,9.90%,固定仓位_40%,80.57%,-7.91%,66.67%,1.1707,,19.90%,40.00%,fixed,
-7.56%,-7.86%,23,,2021年,40.00%,0.98,固定仓位比例测试,7.27%,14.21%,8.44%,8.69%,固定仓位_40%,80.57%,-4.86%,58.33%,1.0813,,19.90%,40.00%,fixed,
-7.56%,-7.86%,23,,2022年,40.00%,0.88,固定仓位比例测试,7.27%,11.91%,5.50%,6.29%,固定仓位_40%,80.57%,-4.98%,58.33%,1.0528,,19.90%,40.00%,fixed,
-7.56%,-7.86%,23,,2023年,40.00%,2.54,固定仓位比例测试,7.27%,12.26%,11.31%,4.25%,固定仓位_40%,80.57%,-2.05%,58.33%,1.1083,,19.90%,40.00%,fixed,
-7.56%,-7.86%,23,,2024年,40.00%,1.76,固定仓位比例测试,7.27%,11.32%,14.20%,7.72%,固定仓位_40%,80.57%,-5.00%,75.00%,1.1360,,19.90%,40.00%,fixed,
-7.56%,-7.86%,23,,2025年,40.00%,2.53,固定仓位比例测试,7.27%,13.47%,18.00%,6.62%,固定仓位_40%,80.57%,-3.08%,83.33%,1.1730,,19.90%,40.00%,fixed,
-7.56%,-7.86%,23,,2026年,40.00%,1.70,固定仓位比例测试,7.27%,13.76%,17.97%,10.02%,固定仓位_40%,80.57%,-3.23%,66.67%,1.0374,,19.90%,40.00%,fixed,
-7.73%,-8.06%,23,,全局 (Total),45.00%,1.49,固定仓位比例测试,7.46%,13.03%,12.52%,8.13%,固定仓位_45%,90.00%,-8.16%,67.68%,2.5431,,22.39%,45.00%,fixed,
-7.73%,-8.06%,23,,训练期 (2018-2020),45.00%,1.45,固定仓位比例测试,7.46%,13.59%,13.77%,9.17%,固定仓位_45%,90.00%,-8.16%,69.44%,1.4500,,22.39%,45.00%,fixed,
-7.73%,-8.06%,23,,验证期 (2021-2026),45.00%,1.53,固定仓位比例测试,7.46%,12.71%,11.81%,7.47%,固定仓位_45%,90.00%,-5.57%,66.67%,1.7539,,22.39%,45.00%,fixed,
-7.73%,-8.06%,23,,2018年,45.00%,0.37,固定仓位比例测试,7.46%,12.89%,2.26%,6.59%,固定仓位_45%,90.00%,-7.72%,66.67%,1.0214,,22.39%,45.00%,fixed,
-7.73%,-8.06%,23,,2019年,45.00%,1.96,固定仓位比例测试,7.46%,14.27%,20.69%,9.83%,固定仓位_45%,90.00%,-6.40%,75.00%,1.1997,,22.39%,45.00%,fixed,
-7.73%,-8.06%,23,,2020年,45.00%,1.70,固定仓位比例测试,7.46%,13.61%,19.07%,10.57%,固定仓位_45%,90.00%,-8.16%,66.67%,1.1833,,22.39%,45.00%,fixed,
-7.73%,-8.06%,23,,2021年,45.00%,0.85,固定仓位比例测试,7.46%,14.23%,7.83%,9.35%,固定仓位_45%,90.00%,-5.57%,58.33%,1.0754,,22.39%,45.00%,fixed,
-7.73%,-8.06%,23,,2022年,45.00%,0.83,固定仓位比例测试,7.46%,11.91%,5.17%,6.32%,固定仓位_45%,90.00%,-4.98%,58.33%,1.0496,,22.39%,45.00%,fixed,
-7.73%,-8.06%,23,,2023年,45.00%,2.44,固定仓位比例测试,7.46%,12.28%,11.41%,4.46%,固定仓位_45%,90.00%,-2.20%,58.33%,1.1093,,22.39%,45.00%,fixed,
-7.73%,-8.06%,23,,2024年,45.00%,1.69,固定仓位比例测试,7.46%,11.33%,14.60%,8.28%,固定仓位_45%,90.00%,-5.55%,75.00%,1.1398,,22.39%,45.00%,fixed,
-7.73%,-8.06%,23,,2025年,45.00%,2.55,固定仓位比例测试,7.46%,13.52%,19.41%,7.07%,固定仓位_45%,90.00%,-3.27%,83.33%,1.1866,,22.39%,45.00%,fixed,
-7.73%,-8.06%,23,,2026年,45.00%,1.52,固定仓位比例测试,7.46%,13.84%,17.07%,10.71%,固定仓位_45%,90.00%,-3.34%,66.67%,1.0356,,22.39%,45.00%,fixed,
-7.89%,-8.26%,23,,全局 (Total),50.00%,1.44,固定仓位比例测试,7.65%,13.05%,12.84%,8.67%,固定仓位_50%,100.00%,-8.40%,67.68%,2.6018,,24.88%,50.00%,fixed,
-7.89%,-8.26%,23,,训练期 (2018-2020),50.00%,1.42,固定仓位比例测试,7.65%,13.60%,14.46%,9.86%,固定仓位_50%,100.00%,-8.40%,66.67%,1.4755,,24.88%,50.00%,fixed,
-7.89%,-8.26%,23,,验证期 (2021-2026),50.00%,1.46,固定仓位比例测试,7.65%,12.73%,11.93%,7.92%,固定仓位_50%,100.00%,-6.28%,68.25%,1.7633,,24.88%,50.00%,fixed,
-7.89%,-8.26%,23,,2018年,50.00%,0.30,固定仓位比例测试,7.65%,12.87%,1.89%,6.98%,固定仓位_50%,100.00%,-8.32%,66.67%,1.0179,,24.88%,50.00%,fixed,
-7.89%,-8.26%,23,,2019年,50.00%,1.91,固定仓位比例测试,7.65%,14.32%,21.98%,10.73%,固定仓位_50%,100.00%,-6.99%,75.00%,1.2121,,24.88%,50.00%,fixed,
-7.89%,-8.26%,23,,2020年,50.00%,1.70,固定仓位比例测试,7.65%,13.61%,20.39%,11.27%,固定仓位_50%,100.00%,-8.40%,58.33%,1.1959,,24.88%,50.00%,fixed,
-7.89%,-8.26%,23,,2021年,50.00%,0.74,固定仓位比例测试,7.65%,14.25%,7.22%,10.04%,固定仓位_50%,100.00%,-6.28%,66.67%,1.0695,,24.88%,50.00%,fixed,
-7.89%,-8.26%,23,,2022年,50.00%,0.78,固定仓位比例测试,7.65%,11.91%,4.84%,6.35%,固定仓位_50%,100.00%,-4.98%,58.33%,1.0464,,24.88%,50.00%,fixed,
-7.89%,-8.26%,23,,2023年,50.00%,2.35,固定仓位比例测试,7.65%,12.30%,11.51%,4.69%,固定仓位_50%,100.00%,-2.41%,58.33%,1.1102,,24.88%,50.00%,fixed,
-7.89%,-8.26%,23,,2024年,50.00%,1.62,固定仓位比例测试,7.65%,11.34%,15.00%,8.86%,固定仓位_50%,100.00%,-6.09%,75.00%,1.1437,,24.88%,50.00%,fixed,
-7.89%,-8.26%,23,,2025年,50.00%,2.55,固定仓位比例测试,7.65%,13.57%,20.83%,7.54%,固定仓位_50%,100.00%,-3.45%,83.33%,1.2002,,24.88%,50.00%,fixed,
-7.89%,-8.26%,23,,2026年,50.00%,1.37,固定仓位比例测试,7.65%,13.92%,16.17%,11.43%,固定仓位_50%,100.00%,-3.46%,66.67%,1.0339,,24.88%,50.00%,fixed,
-6.87%,-7.05%,23,,全局 (Total),20.00%,1.89,波动率调整测试,6.64%,12.90%,10.44%,5.34%,波动率调整_20%_目标12%,58.55%,-7.20%,68.69%,2.1934,12.00%,6.63%,20.00%,vol_scaled,
-6.87%,-7.05%,23,,训练期 (2018-2020),20.00%,1.70,波动率调整测试,6.64%,13.49%,9.45%,5.41%,波动率调整_20%_目标12%,58.55%,-7.20%,66.67%,1.2972,12.00%,6.63%,20.00%,vol_scaled,
-6.87%,-7.05%,23,,验证期 (2021-2026),20.00%,1.99,波动率调整测试,6.64%,12.55%,11.00%,5.31%,波动率调整_20%_目标12%,58.55%,-4.98%,69.84%,1.6909,12.00%,6.63%,20.00%,vol_scaled,
-6.87%,-7.05%,23,,2018年,20.00%,0.94,波动率调整测试,6.64%,12.99%,4.38%,4.66%,波动率调整_20%_目标12%,58.55%,-4.24%,66.67%,1.0415,12.00%,6.63%,20.00%,vol_scaled,
-6.87%,-7.05%,23,,2019年,20.00%,2.82,波动率调整测试,6.64%,13.90%,13.07%,4.40%,波动率调整_20%_目标12%,58.55%,-2.44%,66.67%,1.1263,12.00%,6.63%,20.00%,vol_scaled,
-6.87%,-7.05%,23,,2020年,20.00%,1.56,波动率调整测试,6.64%,13.58%,11.00%,6.83%,波动率调整_20%_目标12%,58.55%,-7.20%,66.67%,1.1059,12.00%,6.63%,20.00%,vol_scaled,
-6.87%,-7.05%,23,,2021年,20.00%,1.81,波动率调整测试,6.64%,14.07%,11.51%,6.11%,波动率调整_20%_目标12%,58.55%,-3.30%,66.67%,1.1108,12.00%,6.63%,20.00%,vol_scaled,
-6.87%,-7.05%,23,,2022年,20.00%,1.18,波动率调整测试,6.64%,11.89%,7.37%,6.18%,波动率调整_20%_目标12%,58.55%,-4.98%,66.67%,1.0707,12.00%,6.63%,20.00%,vol_scaled,
-6.87%,-7.05%,23,,2023年,20.00%,2.78,波动率调整测试,6.64%,12.17%,10.33%,3.56%,波动率调整_20%_目标12%,58.55%,-2.05%,58.33%,1.0990,12.00%,6.63%,20.00%,vol_scaled,
-6.87%,-7.05%,23,,2024年,20.00%,2.33,波动率调整测试,6.64%,11.26%,11.56%,4.73%,波动率调整_20%_目标12%,58.55%,-2.69%,75.00%,1.1107,12.00%,6.63%,20.00%,vol_scaled,
-6.87%,-7.05%,23,,2025年,20.00%,2.25,波动率调整测试,6.64%,13.19%,11.75%,4.99%,波动率调整_20%_目标12%,58.55%,-2.86%,75.00%,1.1130,12.00%,6.63%,20.00%,vol_scaled,
-6.87%,-7.05%,23,,2026年,20.00%,2.84,波动率调整测试,6.64%,13.32%,22.62%,7.28%,波动率调整_20%_目标12%,58.55%,-2.67%,100.00%,1.0464,12.00%,6.63%,20.00%,vol_scaled,
-6.89%,-7.07%,23,,全局 (Total),20.00%,1.87,波动率调整测试,6.72%,12.90%,10.62%,5.49%,波动率调整_20%_目标15%,58.23%,-7.22%,68.69%,2.2223,15.00%,7.95%,20.00%,vol_scaled,
-6.89%,-7.07%,23,,训练期 (2018-2020),20.00%,1.71,波动率调整测试,6.72%,13.50%,9.95%,5.64%,波动率调整_20%_目标15%,58.23%,-7.22%,66.67%,1.3142,15.00%,7.95%,20.00%,vol_scaled,
-6.89%,-7.07%,23,,验证期 (2021-2026),20.00%,1.96,波动率调整测试,6.72%,12.56%,11.01%,5.41%,波动率调整_20%_目标15%,58.23%,-4.98%,69.84%,1.6911,15.00%,7.95%,20.00%,vol_scaled,
-6.89%,-7.07%,23,,2018年,20.00%,0.86,波动率调整测试,6.72%,12.97%,4.12%,4.81%,波动率调整_20%_目标15%,58.23%,-4.67%,66.67%,1.0390,15.00%,7.95%,20.00%,vol_scaled,
-6.89%,-7.07%,23,,2019年,20.00%,2.77,波动率调整测试,6.72%,13.93%,13.88%,4.73%,波动率调整_20%_目标15%,58.23%,-2.65%,66.67%,1.1341,15.00%,7.95%,20.00%,vol_scaled,
-6.89%,-7.07%,23,,2020年,20.00%,1.64,波动率调整测试,6.72%,13.58%,11.98%,7.07%,波动率调整_20%_目标15%,58.23%,-7.22%,66.67%,1.1153,15.00%,7.95%,20.00%,vol_scaled,
-6.89%,-7.07%,23,,2021年,20.00%,1.71,波动率调整测试,6.72%,14.09%,11.11%,6.29%,波动率调整_20%_目标15%,58.23%,-3.30%,66.67%,1.1070,15.00%,7.95%,20.00%,vol_scaled,
-6.89%,-7.07%,23,,2022年,20.00%,1.15,波动率调整测试,6.72%,11.89%,7.17%,6.18%,波动率调整_20%_目标15%,58.23%,-4.98%,66.67%,1.0688,15.00%,7.95%,20.00%,vol_scaled,
-6.89%,-7.07%,23,,2023年,20.00%,2.82,波动率调整测试,6.72%,12.17%,10.58%,3.59%,波动率调整_20%_目标15%,58.23%,-2.05%,58.33%,1.1014,15.00%,7.95%,20.00%,vol_scaled,
-6.89%,-7.07%,23,,2024年,20.00%,2.30,波动率调整测试,6.72%,11.26%,11.72%,4.86%,波动率调整_20%_目标15%,58.23%,-2.69%,75.00%,1.1123,15.00%,7.95%,20.00%,vol_scaled,
-6.89%,-7.07%,23,,2025年,20.00%,2.26,波动率调整测试,6.72%,13.21%,12.05%,5.09%,波动率调整_20%_目标15%,58.23%,-2.86%,75.00%,1.1160,15.00%,7.95%,20.00%,vol_scaled,
-6.89%,-7.07%,23,,2026年,20.00%,2.68,波动率调整测试,6.72%,13.38%,22.14%,7.57%,波动率调整_20%_目标15%,58.23%,-2.75%,100.00%,1.0454,15.00%,7.95%,20.00%,vol_scaled,
-6.89%,-7.07%,23,,全局 (Total),20.00%,1.85,波动率调整测试,6.70%,12.91%,10.73%,5.61%,波动率调整_20%_目标18%,58.23%,-7.22%,67.68%,2.2403,18.00%,8.89%,20.00%,vol_scaled,
-6.89%,-7.07%,23,,训练期 (2018-2020),20.00%,1.70,波动率调整测试,6.70%,13.51%,10.23%,5.82%,波动率调整_20%_目标18%,58.23%,-7.22%,66.67%,1.3240,18.00%,8.89%,20.00%,vol_scaled,
-6.89%,-7.07%,23,,验证期 (2021-2026),20.00%,1.93,波动率调整测试,6.70%,12.57%,11.02%,5.48%,波动率调整_20%_目标18%,58.23%,-4.98%,68.25%,1.6921,18.00%,8.89%,20.00%,vol_scaled,
-6.89%,-7.07%,23,,2018年,20.00%,0.83,波动率调整测试,6.70%,12.98%,4.01%,4.89%,波动率调整_20%_目标18%,58.23%,-4.78%,66.67%,1.0380,18.00%,8.89%,20.00%,vol_scaled,
-6.89%,-7.07%,23,,2019年,20.00%,2.71,波动率调整测试,6.70%,13.96%,14.47%,5.04%,波动率调整_20%_目标18%,58.23%,-2.85%,66.67%,1.1398,18.00%,8.89%,20.00%,vol_scaled,
-6.89%,-7.07%,23,,2020年,20.00%,1.65,波动率调整测试,6.70%,13.58%,12.37%,7.24%,波动率调整_20%_目标18%,58.23%,-7.22%,66.67%,1.1190,18.00%,8.89%,20.00%,vol_scaled,
-6.89%,-7.07%,23,,2021年,20.00%,1.64,波动率调整测试,6.70%,14.10%,10.91%,6.44%,波动率调整_20%_目标18%,58.23%,-3.28%,66.67%,1.1050,18.00%,8.89%,20.00%,vol_scaled,
-6.89%,-7.07%,23,,2022年,20.00%,1.12,波动率调整测试,6.70%,11.89%,6.97%,6.19%,波动率调整_20%_目标18%,58.23%,-4.98%,58.33%,1.0669,18.00%,8.89%,20.00%,vol_scaled,
-6.89%,-7.07%,23,,2023年,20.00%,2.88,波动率调整测试,6.70%,12.17%,10.83%,3.59%,波动率调整_20%_目标18%,58.23%,-2.05%,58.33%,1.1038,18.00%,8.89%,20.00%,vol_scaled,
-6.89%,-7.07%,23,,2024年,20.00%,2.27,波动率调整测试,6.70%,11.27%,11.88%,5.00%,波动率调整_20%_目标18%,58.23%,-2.69%,75.00%,1.1139,18.00%,8.89%,20.00%,vol_scaled,
-6.89%,-7.07%,23,,2025年,20.00%,2.27,波动率调整测试,6.70%,13.23%,12.23%,5.15%,波动率调整_20%_目标18%,58.23%,-2.86%,75.00%,1.1177,18.00%,8.89%,20.00%,vol_scaled,
-6.89%,-7.07%,23,,2026年,20.00%,2.59,波动率调整测试,6.70%,13.42%,21.64%,7.68%,波动率调整_20%_目标18%,58.23%,-2.75%,100.00%,1.0445,18.00%,8.89%,20.00%,vol_scaled,
-6.36%,-6.44%,23,,全局 (Total),20.00%,1.87,风险预算测试,6.25%,12.86%,9.70%,5.02%,风险预算_20%_预算15%,70.81%,-6.85%,72.73%,2.0811,,2.02%,7.67%,risk_budget,15.00%
-6.36%,-6.44%,23,,训练期 (2018-2020),20.00%,1.63,风险预算测试,6.25%,13.49%,8.14%,4.88%,风险预算_20%_预算15%,70.81%,-6.85%,69.44%,1.2528,,2.02%,7.67%,risk_budget,15.00%
-6.36%,-6.44%,23,,验证期 (2021-2026),20.00%,2.00,风险预算测试,6.25%,12.50%,10.61%,5.10%,风险预算_20%_预算15%,70.81%,-4.98%,74.60%,1.6612,,2.02%,7.67%,risk_budget,15.00%
-6.36%,-6.44%,23,,2018年,20.00%,1.18,风险预算测试,6.25%,13.04%,5.15%,4.34%,风险预算_20%_预算15%,70.81%,-3.45%,66.67%,1.0488,,2.02%,7.67%,risk_budget,15.00%
-6.36%,-6.44%,23,,2019年,20.00%,2.74,风险预算测试,6.25%,13.84%,10.21%,3.57%,风险预算_20%_预算15%,70.81%,-1.86%,75.00%,1.0987,,2.02%,7.67%,risk_budget,15.00%
-6.36%,-6.44%,23,,2020年,20.00%,1.40,风险预算测试,6.25%,13.58%,9.05%,6.33%,风险预算_20%_预算15%,70.81%,-6.85%,66.67%,1.0872,,2.02%,7.67%,risk_budget,15.00%
-6.36%,-6.44%,23,,2021年,20.00%,2.02,风险预算测试,6.25%,14.03%,12.43%,5.90%,风险预算_20%_预算15%,70.81%,-3.40%,66.67%,1.1196,,2.02%,7.67%,risk_budget,15.00%
-6.36%,-6.44%,23,,2022年,20.00%,1.25,风险预算测试,6.25%,11.88%,7.81%,6.17%,风险预算_20%_预算15%,70.81%,-4.98%,66.67%,1.0749,,2.02%,7.67%,risk_budget,15.00%
-6.36%,-6.44%,23,,2023年,20.00%,3.01,风险预算测试,6.25%,12.11%,10.59%,3.37%,风险预算_20%_预算15%,70.81%,-2.05%,75.00%,1.1014,,2.02%,7.67%,risk_budget,15.00%
-6.36%,-6.44%,23,,2024年,20.00%,2.39,风险预算测试,6.25%,11.25%,11.12%,4.46%,风险预算_20%_预算15%,70.81%,-2.69%,75.00%,1.1065,,2.02%,7.67%,risk_budget,15.00%
-6.36%,-6.44%,23,,2025年,20.00%,1.70,风险预算测试,6.25%,13.08%,8.20%,4.70%,风险预算_20%_预算15%,70.81%,-2.90%,83.33%,1.0789,,2.02%,7.67%,risk_budget,15.00%
-6.36%,-6.44%,23,,2026年,20.00%,3.32,风险预算测试,6.25%,13.15%,24.38%,6.65%,风险预算_20%_预算15%,70.81%,-2.39%,100.00%,1.0497,,2.02%,7.67%,risk_budget,15.00%
-6.41%,-6.50%,23,,全局 (Total),20.00%,1.88,风险预算测试,6.33%,12.87%,9.82%,5.06%,风险预算_20%_预算20%,70.01%,-6.88%,71.72%,2.0985,,2.81%,10.53%,risk_budget,20.00%
-6.41%,-6.50%,23,,训练期 (2018-2020),20.00%,1.65,风险预算测试,6.33%,13.49%,8.41%,4.96%,风险预算_20%_预算20%,70.01%,-6.88%,69.44%,1.2620,,2.81%,10.53%,risk_budget,20.00%
-6.41%,-6.50%,23,,验证期 (2021-2026),20.00%,2.00,风险预算测试,6.33%,12.51%,10.63%,5.12%,风险预算_20%_预算20%,70.01%,-4.98%,73.02%,1.6629,,2.81%,10.53%,risk_budget,20.00%
-6.41%,-6.50%,23,,2018年,20.00%,1.15,风险预算测试,6.33%,13.04%,5.05%,4.38%,风险预算_20%_预算20%,70.01%,-3.45%,66.67%,1.0479,,2.81%,10.53%,risk_budget,20.00%
-6.41%,-6.50%,23,,2019年,20.00%,2.77,风险预算测试,6.33%,13.85%,10.55%,3.64%,风险预算_20%_预算20%,70.01%,-1.89%,75.00%,1.1020,,2.81%,10.53%,risk_budget,20.00%
-6.41%,-6.50%,23,,2020年,20.00%,1.46,风险预算测试,6.33%,13.59%,9.65%,6.43%,风险预算_20%_预算20%,70.01%,-6.88%,66.67%,1.0929,,2.81%,10.53%,risk_budget,20.00%
-6.41%,-6.50%,23,,2021年,20.00%,1.97,风险预算测试,6.33%,14.04%,12.17%,5.92%,风险预算_20%_预算20%,70.01%,-3.35%,66.67%,1.1172,,2.81%,10.53%,risk_budget,20.00%
-6.41%,-6.50%,23,,2022年,20.00%,1.23,风险预算测试,6.33%,11.89%,7.67%,6.17%,风险预算_20%_预算20%,70.01%,-4.98%,66.67%,1.0736,,2.81%,10.53%,risk_budget,20.00%
-6.41%,-6.50%,23,,2023年,20.00%,3.00,风险预算测试,6.33%,12.12%,10.63%,3.38%,风险预算_20%_预算20%,70.01%,-2.05%,66.67%,1.1019,,2.81%,10.53%,risk_budget,20.00%
-6.41%,-6.50%,23,,2024年,20.00%,2.37,风险预算测试,6.33%,11.26%,11.21%,4.52%,风险预算_20%_预算20%,70.01%,-2.69%,75.00%,1.1074,,2.81%,10.53%,risk_budget,20.00%
-6.41%,-6.50%,23,,2025年,20.00%,1.78,风险预算测试,6.33%,13.09%,8.62%,4.71%,风险预算_20%_预算20%,70.01%,-2.89%,83.33%,1.0830,,2.81%,10.53%,risk_budget,20.00%
-6.41%,-6.50%,23,,2026年,20.00%,3.25,风险预算测试,6.33%,13.18%,24.10%,6.71%,风险预算_20%_预算20%,70.01%,-2.43%,100.00%,1.0492,,2.81%,10.53%,risk_budget,20.00%
-6.47%,-6.57%,23,,全局 (Total),20.00%,1.88,风险预算测试,6.43%,12.87%,9.95%,5.12%,风险预算_20%_预算25%,69.13%,-6.92%,72.73%,2.1175,,3.67%,13.56%,risk_budget,25.00%
-6.47%,-6.57%,23,,训练期 (2018-2020),20.00%,1.68,风险预算测试,6.43%,13.49%,8.71%,5.05%,风险预算_20%_预算25%,69.13%,-6.92%,72.22%,1.2720,,3.67%,13.56%,risk_budget,25.00%
-6.47%,-6.57%,23,,验证期 (2021-2026),20.00%,1.99,风险预算测试,6.43%,12.52%,10.66%,5.16%,风险预算_20%_预算25%,69.13%,-4.98%,73.02%,1.6647,,3.67%,13.56%,risk_budget,25.00%
-6.47%,-6.57%,23,,2018年,20.00%,1.11,风险预算测试,6.43%,13.03%,4.94%,4.42%,风险预算_20%_预算25%,69.13%,-3.45%,66.67%,1.0468,,3.67%,13.56%,risk_budget,25.00%
-6.47%,-6.57%,23,,2019年,20.00%,2.80,风险预算测试,6.43%,13.86%,10.93%,3.73%,风险预算_20%_预算25%,69.13%,-1.98%,83.33%,1.1057,,3.67%,13.56%,risk_budget,25.00%
-6.47%,-6.57%,23,,2020年,20.00%,1.52,风险预算测试,6.43%,13.59%,10.28%,6.56%,风险预算_20%_预算25%,69.13%,-6.92%,66.67%,1.0990,,3.67%,13.56%,risk_budget,25.00%
-6.47%,-6.57%,23,,2021年,20.00%,1.91,风险预算测试,6.43%,14.05%,11.90%,5.97%,风险预算_20%_预算25%,69.13%,-3.31%,66.67%,1.1145,,3.67%,13.56%,risk_budget,25.00%
-6.47%,-6.57%,23,,2022年,20.00%,1.21,风险预算测试,6.43%,11.89%,7.52%,6.17%,风险预算_20%_预算25%,69.13%,-4.98%,66.67%,1.0721,,3.67%,13.56%,risk_budget,25.00%
-6.47%,-6.57%,23,,2023年,20.00%,3.00,风险预算测试,6.43%,12.12%,10.68%,3.40%,风险预算_20%_预算25%,69.13%,-2.05%,66.67%,1.1024,,3.67%,13.56%,risk_budget,25.00%
-6.47%,-6.57%,23,,2024年,20.00%,2.36,风险预算测试,6.43%,11.26%,11.31%,4.59%,风险预算_20%_预算25%,69.13%,-2.69%,75.00%,1.1083,,3.67%,13.56%,risk_budget,25.00%
-6.47%,-6.57%,23,,2025年,20.00%,1.86,风险预算测试,6.43%,13.11%,9.08%,4.73%,风险预算_20%_预算25%,69.13%,-2.88%,83.33%,1.0875,,3.67%,13.56%,risk_budget,25.00%
-6.47%,-6.57%,23,,2026年,20.00%,3.18,风险预算测试,6.43%,13.21%,23.80%,6.80%,风险预算_20%_预算25%,69.13%,-2.47%,100.00%,1.0486,,3.67%,13.56%,risk_budget,25.00%
-7.05%,-7.23%,23,10.00%,全局 (Total),20.00%,1.77,信号限速测试,6.54%,12.93%,10.66%,5.82%,固定仓位限速_20%_周变10pct,58.23%,-7.37%,67.68%,2.2289,,9.93%,20.00%,fixed,
-7.05%,-7.23%,23,10.00%,训练期 (2018-2020),20.00%,1.60,信号限速测试,6.54%,13.54%,10.25%,6.21%,固定仓位限速_20%_周变10pct,58.23%,-7.37%,66.67%,1.3247,,9.93%,20.00%,fixed,
-7.05%,-7.23%,23,10.00%,验证期 (2021-2026),20.00%,1.88,信号限速测试,6.54%,12.59%,10.89%,5.59%,固定仓位限速_20%_周变10pct,58.23%,-4.98%,68.25%,1.6825,,9.93%,20.00%,fixed,
-7.05%,-7.23%,23,10.00%,2018年,20.00%,0.82,信号限速测试,6.54%,13.00%,4.04%,4.95%,固定仓位限速_20%_周变10pct,58.23%,-4.78%,66.67%,1.0382,,9.93%,20.00%,fixed,
-7.05%,-7.23%,23,10.00%,2019年,20.00%,2.40,信号限速测试,6.54%,14.02%,14.18%,5.59%,固定仓位限速_20%_周变10pct,58.23%,-3.51%,66.67%,1.1370,,9.93%,20.00%,fixed,
-7.05%,-7.23%,23,10.00%,2020年,20.00%,1.58,信号限速测试,6.54%,13.60%,12.70%,7.74%,固定仓位限速_20%_周变10pct,58.23%,-7.37%,66.67%,1.1222,,9.93%,20.00%,fixed,
-7.05%,-7.23%,23,10.00%,2021年,20.00%,1.60,信号限速测试,6.54%,14.12%,10.83%,6.56%,固定仓位限速_20%_周变10pct,58.23%,-3.47%,66.67%,1.1043,,9.93%,20.00%,fixed,
-7.05%,-7.23%,23,10.00%,2022年,20.00%,1.13,信号限速测试,6.54%,11.89%,7.05%,6.20%,固定仓位限速_20%_周变10pct,58.23%,-4.98%,66.67%,1.0676,,9.93%,20.00%,fixed,
-7.05%,-7.23%,23,10.00%,2023年,20.00%,2.85,信号限速测试,6.54%,12.19%,10.74%,3.61%,固定仓位限速_20%_周变10pct,58.23%,-2.05%,58.33%,1.1030,,9.93%,20.00%,fixed,
-7.05%,-7.23%,23,10.00%,2024年,20.00%,2.04,信号限速测试,6.54%,11.30%,11.49%,5.39%,固定仓位限速_20%_周变10pct,58.23%,-2.77%,66.67%,1.1101,,9.93%,20.00%,fixed,
-7.05%,-7.23%,23,10.00%,2025年,20.00%,2.23,信号限速测试,6.54%,13.24%,12.08%,5.18%,固定仓位限速_20%_周变10pct,58.23%,-3.14%,75.00%,1.1162,,9.93%,20.00%,fixed,
-7.05%,-7.23%,23,10.00%,2026年,20.00%,2.58,信号限速测试,6.54%,13.42%,21.54%,7.68%,固定仓位限速_20%_周变10pct,58.23%,-2.75%,100.00%,1.0443,,9.93%,20.00%,fixed,
-7.05%,-7.23%,23,10.00%,全局 (Total),20.00%,1.84,信号限速测试,6.69%,12.91%,10.53%,5.53%,波动率调整限速_20%_目标15%_周变10pct,58.23%,-7.37%,68.69%,2.2088,15.00%,7.97%,20.00%,vol_scaled,
-7.05%,-7.23%,23,10.00%,训练期 (2018-2020),20.00%,1.66,信号限速测试,6.69%,13.50%,9.83%,5.75%,波动率调整限速_20%_目标15%_周变10pct,58.23%,-7.37%,66.67%,1.3102,15.00%,7.97%,20.00%,vol_scaled,
-7.05%,-7.23%,23,10.00%,验证期 (2021-2026),20.00%,1.95,信号限速测试,6.69%,12.57%,10.94%,5.40%,波动率调整限速_20%_目标15%_周变10pct,58.23%,-4.98%,69.84%,1.6859,15.00%,7.97%,20.00%,vol_scaled,
-7.05%,-7.23%,23,10.00%,2018年,20.00%,0.84,信号限速测试,6.69%,12.99%,3.98%,4.81%,波动率调整限速_20%_目标15%_周变10pct,58.23%,-4.67%,66.67%,1.0377,15.00%,7.97%,20.00%,vol_scaled,
-7.05%,-7.23%,23,10.00%,2019年,20.00%,2.76,信号限速测试,6.69%,13.93%,13.80%,4.72%,波动率调整限速_20%_目标15%_周变10pct,58.23%,-2.65%,66.67%,1.1333,15.00%,7.97%,20.00%,vol_scaled,
-7.05%,-7.23%,23,10.00%,2020年,20.00%,1.57,信号限速测试,6.69%,13.59%,11.85%,7.33%,波动率调整限速_20%_目标15%_周变10pct,58.23%,-7.37%,66.67%,1.1140,15.00%,7.97%,20.00%,vol_scaled,
-7.05%,-7.23%,23,10.00%,2021年,20.00%,1.71,信号限速测试,6.69%,14.09%,11.13%,6.28%,波动率调整限速_20%_目标15%_周变10pct,58.23%,-3.29%,66.67%,1.1071,15.00%,7.97%,20.00%,vol_scaled,
-7.05%,-7.23%,23,10.00%,2022年,20.00%,1.17,信号限速测试,6.69%,11.89%,7.27%,6.18%,波动率调整限速_20%_目标15%_周变10pct,58.23%,-4.98%,66.67%,1.0697,15.00%,7.97%,20.00%,vol_scaled,
-7.05%,-7.23%,23,10.00%,2023年,20.00%,2.77,信号限速测试,6.69%,12.18%,10.43%,3.61%,波动率调整限速_20%_目标15%_周变10pct,58.23%,-2.05%,58.33%,1.1000,15.00%,7.97%,20.00%,vol_scaled,
-7.05%,-7.23%,23,10.00%,2024年,20.00%,2.30,信号限速测试,6.69%,11.26%,11.63%,4.83%,波动率调整限速_20%_目标15%_周变10pct,58.23%,-2.69%,75.00%,1.1114,15.00%,7.97%,20.00%,vol_scaled,
-7.05%,-7.23%,23,10.00%,2025年,20.00%,2.22,信号限速测试,6.69%,13.21%,11.82%,5.09%,波动率调整限速_20%_目标15%_周变10pct,58.23%,-2.98%,75.00%,1.1138,15.00%,7.97%,20.00%,vol_scaled,
-7.05%,-7.23%,23,10.00%,2026年,20.00%,2.68,信号限速测试,6.69%,13.38%,22.14%,7.57%,波动率调整限速_20%_目标15%_周变10pct,58.23%,-2.75%,100.00%,1.0454,15.00%,7.97%,20.00%,vol_scaled,
-6.97%,-7.15%,23,15.00%,全局 (Total),20.00%,1.78,信号限速测试,6.53%,12.93%,10.75%,5.82%,固定仓位限速_20%_周变15pct,58.23%,-7.29%,67.68%,2.2428,,9.94%,20.00%,fixed,
-6.97%,-7.15%,23,15.00%,训练期 (2018-2020),20.00%,1.62,信号限速测试,6.53%,13.54%,10.26%,6.16%,固定仓位限速_20%_周变15pct,58.23%,-7.29%,66.67%,1.3250,,9.94%,20.00%,fixed,
-6.97%,-7.15%,23,15.00%,验证期 (2021-2026),20.00%,1.89,信号限速测试,6.53%,12.58%,11.03%,5.61%,固定仓位限速_20%_周变15pct,58.23%,-4.98%,68.25%,1.6927,,9.94%,20.00%,fixed,
-6.97%,-7.15%,23,15.00%,2018年,20.00%,0.83,信号限速测试,6.53%,12.99%,4.04%,4.95%,固定仓位限速_20%_周变15pct,58.23%,-4.78%,66.67%,1.0383,,9.94%,20.00%,fixed,
-6.97%,-7.15%,23,15.00%,2019年,20.00%,2.41,信号限速测试,6.53%,14.02%,14.26%,5.60%,固定仓位限速_20%_周变15pct,58.23%,-3.51%,66.67%,1.1378,,9.94%,20.00%,fixed,
-6.97%,-7.15%,23,15.00%,2020年,20.00%,1.60,信号限速测试,6.53%,13.59%,12.64%,7.61%,固定仓位限速_20%_周变15pct,58.23%,-7.29%,66.67%,1.1216,,9.94%,20.00%,fixed,
-6.97%,-7.15%,23,15.00%,2021年,20.00%,1.60,信号限速测试,6.53%,14.11%,10.83%,6.56%,固定仓位限速_20%_周变15pct,58.23%,-3.47%,66.67%,1.1042,,9.94%,20.00%,fixed,
-6.97%,-7.15%,23,15.00%,2022年,20.00%,1.11,信号限速测试,6.53%,11.89%,6.94%,6.20%,固定仓位限速_20%_周变15pct,58.23%,-4.98%,58.33%,1.0666,,9.94%,20.00%,fixed,
-6.97%,-7.15%,23,15.00%,2023年,20.00%,2.87,信号限速测试,6.53%,12.18%,10.82%,3.60%,固定仓位限速_20%_周变15pct,58.23%,-2.05%,58.33%,1.1037,,9.94%,20.00%,fixed,
-6.97%,-7.15%,23,15.00%,2024年,20.00%,2.09,信号限速测试,6.53%,11.29%,12.03%,5.52%,固定仓位限速_20%_周变15pct,58.23%,-2.77%,75.00%,1.1152,,9.94%,20.00%,fixed,
-6.97%,-7.15%,23,15.00%,2025年,20.00%,2.26,信号限速测试,6.53%,13.24%,12.27%,5.18%,固定仓位限速_20%_周变15pct,58.23%,-2.93%,75.00%,1.1181,,9.94%,20.00%,fixed,
-6.97%,-7.15%,23,15.00%,2026年,20.00%,2.58,信号限速测试,6.53%,13.42%,21.54%,7.68%,固定仓位限速_20%_周变15pct,58.23%,-2.75%,100.00%,1.0443,,9.94%,20.00%,fixed,
-6.97%,-7.15%,23,15.00%,全局 (Total),20.00%,1.85,信号限速测试,6.71%,12.91%,10.58%,5.51%,波动率调整限速_20%_目标15%_周变15pct,58.23%,-7.29%,68.69%,2.2166,15.00%,7.97%,20.00%,vol_scaled,
-6.97%,-7.15%,23,15.00%,训练期 (2018-2020),20.00%,1.68,信号限速测试,6.71%,13.50%,9.88%,5.69%,波动率调整限速_20%_目标15%_周变15pct,58.23%,-7.29%,66.67%,1.3117,15.00%,7.97%,20.00%,vol_scaled,
-6.97%,-7.15%,23,15.00%,验证期 (2021-2026),20.00%,1.96,信号限速测试,6.71%,12.57%,10.99%,5.41%,波动率调整限速_20%_目标15%_周变15pct,58.23%,-4.98%,69.84%,1.6898,15.00%,7.97%,20.00%,vol_scaled,
-6.97%,-7.15%,23,15.00%,2018年,20.00%,0.84,信号限速测试,6.71%,12.98%,4.01%,4.81%,波动率调整限速_20%_目标15%_周变15pct,58.23%,-4.67%,66.67%,1.0380,15.00%,7.97%,20.00%,vol_scaled,
-6.97%,-7.15%,23,15.00%,2019年,20.00%,2.77,信号限速测试,6.71%,13.93%,13.87%,4.73%,波动率调整限速_20%_目标15%_周变15pct,58.23%,-2.65%,66.67%,1.1341,15.00%,7.97%,20.00%,vol_scaled,
-6.97%,-7.15%,23,15.00%,2020年,20.00%,1.60,信号限速测试,6.71%,13.58%,11.88%,7.18%,波动率调整限速_20%_目标15%_周变15pct,58.23%,-7.29%,66.67%,1.1144,15.00%,7.97%,20.00%,vol_scaled,
-6.97%,-7.15%,23,15.00%,2021年,20.00%,1.71,信号限速测试,6.71%,14.09%,11.12%,6.28%,波动率调整限速_20%_目标15%_周变15pct,58.23%,-3.30%,66.67%,1.1071,15.00%,7.97%,20.00%,vol_scaled,
-6.97%,-7.15%,23,15.00%,2022年,20.00%,1.15,信号限速测试,6.71%,11.89%,7.17%,6.18%,波动率调整限速_20%_目标15%_周变15pct,58.23%,-4.98%,66.67%,1.0688,15.00%,7.97%,20.00%,vol_scaled,
-6.97%,-7.15%,23,15.00%,2023年,20.00%,2.80,信号限速测试,6.71%,12.18%,10.51%,3.60%,波动率调整限速_20%_目标15%_周变15pct,58.23%,-2.05%,58.33%,1.1007,15.00%,7.97%,20.00%,vol_scaled,
-6.97%,-7.15%,23,15.00%,2024年,20.00%,2.30,信号限速测试,6.71%,11.26%,11.72%,4.86%,波动率调整限速_20%_目标15%_周变15pct,58.23%,-2.69%,75.00%,1.1123,15.00%,7.97%,20.00%,vol_scaled,
-6.97%,-7.15%,23,15.00%,2025年,20.00%,2.26,信号限速测试,6.71%,13.21%,12.03%,5.09%,波动率调整限速_20%_目标15%_周变15pct,58.23%,-2.86%,75.00%,1.1158,15.00%,7.97%,20.00%,vol_scaled,
-6.97%,-7.15%,23,15.00%,2026年,20.00%,2.68,信号限速测试,6.71%,13.38%,22.14%,7.57%,波动率调整限速_20%_目标15%_周变15pct,58.23%,-2.75%,100.00%,1.0454,15.00%,7.97%,20.00%,vol_scaled,
-6.89%,-7.07%,23,20.00%,全局 (Total),20.00%,1.80,信号限速测试,6.57%,12.93%,10.83%,5.82%,固定仓位限速_20%_周变20pct,58.23%,-7.22%,67.68%,2.2564,,9.95%,20.00%,fixed,
-6.89%,-7.07%,23,20.00%,训练期 (2018-2020),20.00%,1.63,信号限速测试,6.57%,13.54%,10.27%,6.12%,固定仓位限速_20%_周变20pct,58.23%,-7.22%,66.67%,1.3252,,9.95%,20.00%,fixed,
-6.89%,-7.07%,23,20.00%,验证期 (2021-2026),20.00%,1.90,信号限速测试,6.57%,12.58%,11.16%,5.64%,固定仓位限速_20%_周变20pct,58.23%,-4.98%,68.25%,1.7027,,9.95%,20.00%,fixed,
-6.89%,-7.07%,23,20.00%,2018年,20.00%,0.83,信号限速测试,6.57%,12.98%,4.05%,4.95%,固定仓位限速_20%_周变20pct,58.23%,-4.78%,66.67%,1.0383,,9.95%,20.00%,fixed,
-6.89%,-7.07%,23,20.00%,2019年,20.00%,2.42,信号限速测试,6.57%,14.02%,14.33%,5.60%,固定仓位限速_20%_周变20pct,58.23%,-3.51%,66.67%,1.1385,,9.95%,20.00%,fixed,
-6.89%,-7.07%,23,20.00%,2020年,20.00%,1.61,信号限速测试,6.57%,13.59%,12.57%,7.51%,固定仓位限速_20%_周变20pct,58.23%,-7.22%,66.67%,1.1210,,9.95%,20.00%,fixed,
-6.89%,-7.07%,23,20.00%,2021年,20.00%,1.60,信号限速测试,6.57%,14.11%,10.81%,6.57%,固定仓位限速_20%_周变20pct,58.23%,-3.47%,66.67%,1.1041,,9.95%,20.00%,fixed,
-6.89%,-7.07%,23,20.00%,2022年,20.00%,1.10,信号限速测试,6.57%,11.89%,6.84%,6.20%,固定仓位限速_20%_周变20pct,58.23%,-4.98%,58.33%,1.0656,,9.95%,20.00%,fixed,
-6.89%,-7.07%,23,20.00%,2023年,20.00%,2.90,信号限速测试,6.57%,12.17%,10.90%,3.59%,固定仓位限速_20%_周变20pct,58.23%,-2.05%,58.33%,1.1044,,9.95%,20.00%,fixed,
-6.89%,-7.07%,23,20.00%,2024年,20.00%,2.11,信号限速测试,6.57%,11.29%,12.57%,5.68%,固定仓位限速_20%_周变20pct,58.23%,-2.77%,75.00%,1.1204,,9.95%,20.00%,fixed,
-6.89%,-7.07%,23,20.00%,2025年,20.00%,2.30,信号限速测试,6.57%,13.25%,12.47%,5.18%,固定仓位限速_20%_周变20pct,58.23%,-2.86%,75.00%,1.1200,,9.95%,20.00%,fixed,
-6.89%,-7.07%,23,20.00%,2026年,20.00%,2.58,信号限速测试,6.57%,13.42%,21.54%,7.68%,固定仓位限速_20%_周变20pct,58.23%,-2.75%,100.00%,1.0443,,9.95%,20.00%,fixed,
-6.89%,-7.07%,23,20.00%,全局 (Total),20.00%,1.87,信号限速测试,6.72%,12.90%,10.62%,5.49%,波动率调整限速_20%_目标15%_周变20pct,58.23%,-7.22%,68.69%,2.2223,15.00%,7.95%,20.00%,vol_scaled,
-6.89%,-7.07%,23,20.00%,训练期 (2018-2020),20.00%,1.71,信号限速测试,6.72%,13.50%,9.95%,5.64%,波动率调整限速_20%_目标15%_周变20pct,58.23%,-7.22%,66.67%,1.3142,15.00%,7.95%,20.00%,vol_scaled,
-6.89%,-7.07%,23,20.00%,验证期 (2021-2026),20.00%,1.96,信号限速测试,6.72%,12.56%,11.01%,5.41%,波动率调整限速_20%_目标15%_周变20pct,58.23%,-4.98%,69.84%,1.6911,15.00%,7.95%,20.00%,vol_scaled,
-6.89%,-7.07%,23,20.00%,2018年,20.00%,0.86,信号限速测试,6.72%,12.97%,4.12%,4.81%,波动率调整限速_20%_目标15%_周变20pct,58.23%,-4.67%,66.67%,1.0390,15.00%,7.95%,20.00%,vol_scaled,
-6.89%,-7.07%,23,20.00%,2019年,20.00%,2.77,信号限速测试,6.72%,13.93%,13.88%,4.73%,波动率调整限速_20%_目标15%_周变20pct,58.23%,-2.65%,66.67%,1.1341,15.00%,7.95%,20.00%,vol_scaled,
-6.89%,-7.07%,23,20.00%,2020年,20.00%,1.64,信号限速测试,6.72%,13.58%,11.98%,7.07%,波动率调整限速_20%_目标15%_周变20pct,58.23%,-7.22%,66.67%,1.1153,15.00%,7.95%,20.00%,vol_scaled,
-6.89%,-7.07%,23,20.00%,2021年,20.00%,1.71,信号限速测试,6.72%,14.09%,11.11%,6.29%,波动率调整限速_20%_目标15%_周变20pct,58.23%,-3.30%,66.67%,1.1070,15.00%,7.95%,20.00%,vol_scaled,
-6.89%,-7.07%,23,20.00%,2022年,20.00%,1.15,信号限速测试,6.72%,11.89%,7.17%,6.18%,波动率调整限速_20%_目标15%_周变20pct,58.23%,-4.98%,66.67%,1.0688,15.00%,7.95%,20.00%,vol_scaled,
-6.89%,-7.07%,23,20.00%,2023年,20.00%,2.82,信号限速测试,6.72%,12.17%,10.58%,3.59%,波动率调整限速_20%_目标15%_周变20pct,58.23%,-2.05%,58.33%,1.1014,15.00%,7.95%,20.00%,vol_scaled,
-6.89%,-7.07%,23,20.00%,2024年,20.00%,2.30,信号限速测试,6.72%,11.26%,11.72%,4.86%,波动率调整限速_20%_目标15%_周变20pct,58.23%,-2.69%,75.00%,1.1123,15.00%,7.95%,20.00%,vol_scaled,
-6.89%,-7.07%,23,20.00%,2025年,20.00%,2.26,信号限速测试,6.72%,13.21%,12.05%,5.09%,波动率调整限速_20%_目标15%_周变20pct,58.23%,-2.86%,75.00%,1.1160,15.00%,7.95%,20.00%,vol_scaled,
-6.89%,-7.07%,23,20.00%,2026年,20.00%,2.68,信号限速测试,6.72%,13.38%,22.14%,7.57%,波动率调整限速_20%_目标15%_周变20pct,58.23%,-2.75%,100.00%,1.0454,15.00%,7.95%,20.00%,vol_scaled,
-7.03%,-7.24%,23,,全局 (Total),25.00%,1.87,波动率调整测试,6.82%,12.91%,10.69%,5.52%,波动率调整_25%_目标12%,56.59%,-7.31%,68.69%,2.2334,12.00%,8.28%,25.00%,vol_scaled,
-7.03%,-7.24%,23,,训练期 (2018-2020),25.00%,1.70,波动率调整测试,6.82%,13.49%,9.96%,5.67%,波动率调整_25%_目标12%,56.59%,-7.31%,66.67%,1.3145,12.00%,8.28%,25.00%,vol_scaled,
-7.03%,-7.24%,23,,验证期 (2021-2026),25.00%,1.97,波动率调整测试,6.82%,12.57%,11.11%,5.43%,波动率调整_25%_目标12%,56.59%,-4.98%,69.84%,1.6991,12.00%,8.28%,25.00%,vol_scaled,
-7.03%,-7.24%,23,,2018年,25.00%,0.86,波动率调整测试,6.82%,12.97%,4.12%,4.81%,波动率调整_25%_目标12%,56.59%,-4.67%,66.67%,1.0390,12.00%,8.28%,25.00%,vol_scaled,
-7.03%,-7.24%,23,,2019年,25.00%,2.77,波动率调整测试,6.82%,13.92%,14.01%,4.77%,波动率调整_25%_目标12%,56.59%,-2.65%,66.67%,1.1354,12.00%,8.28%,25.00%,vol_scaled,
-7.03%,-7.24%,23,,2020年,25.00%,1.62,波动率调整测试,6.82%,13.58%,11.88%,7.10%,波动率调整_25%_目标12%,56.59%,-7.31%,66.67%,1.1143,12.00%,8.28%,25.00%,vol_scaled,
-7.03%,-7.24%,23,,2021年,25.00%,1.71,波动率调整测试,6.82%,14.09%,11.11%,6.29%,波动率调整_25%_目标12%,56.59%,-3.30%,66.67%,1.1070,12.00%,8.28%,25.00%,vol_scaled,
-7.03%,-7.24%,23,,2022年,25.00%,1.15,波动率调整测试,6.82%,11.89%,7.17%,6.18%,波动率调整_25%_目标12%,56.59%,-4.98%,66.67%,1.0688,12.00%,8.28%,25.00%,vol_scaled,
-7.03%,-7.24%,23,,2023年,25.00%,2.69,波动率调整测试,6.82%,12.19%,10.29%,3.67%,波动率调整_25%_目标12%,56.59%,-2.05%,58.33%,1.0987,12.00%,8.28%,25.00%,vol_scaled,
-7.03%,-7.24%,23,,2024年,25.00%,2.30,波动率调整测试,6.82%,11.26%,11.72%,4.86%,波动率调整_25%_目标12%,56.59%,-2.69%,75.00%,1.1123,12.00%,8.28%,25.00%,vol_scaled,
-7.03%,-7.24%,23,,2025年,25.00%,2.38,波动率调整测试,6.82%,13.23%,12.92%,5.17%,波动率调整_25%_目标12%,56.59%,-2.86%,75.00%,1.1243,12.00%,8.28%,25.00%,vol_scaled,
-7.03%,-7.24%,23,,2026年,25.00%,2.66,波动率调整测试,6.82%,13.38%,22.00%,7.60%,波动率调整_25%_目标12%,56.59%,-2.77%,100.00%,1.0452,12.00%,8.28%,25.00%,vol_scaled,
-7.06%,-7.27%,23,,全局 (Total),25.00%,1.83,波动率调整测试,6.93%,12.92%,10.92%,5.74%,波动率调整_25%_目标15%,57.69%,-7.33%,66.67%,2.2699,15.00%,9.93%,25.00%,vol_scaled,
-7.06%,-7.27%,23,,训练期 (2018-2020),25.00%,1.71,波动率调整测试,6.93%,13.50%,10.58%,6.00%,波动率调整_25%_目标15%,57.69%,-7.33%,66.67%,1.3359,15.00%,9.93%,25.00%,vol_scaled,
-7.06%,-7.27%,23,,验证期 (2021-2026),25.00%,1.91,波动率调整测试,6.93%,12.58%,11.11%,5.59%,波动率调整_25%_目标15%,57.69%,-4.98%,66.67%,1.6991,15.00%,9.93%,25.00%,vol_scaled,
-7.06%,-7.27%,23,,2018年,25.00%,0.76,波动率调整测试,6.93%,12.95%,3.78%,5.02%,波动率调整_25%_目标15%,57.69%,-5.20%,66.67%,1.0359,15.00%,9.93%,25.00%,vol_scaled,
-7.06%,-7.27%,23,,2019年,25.00%,2.71,波动率调整测试,6.93%,13.96%,15.03%,5.23%,波动率调整_25%_目标15%,57.69%,-2.90%,66.67%,1.1452,15.00%,9.93%,25.00%,vol_scaled,
-7.06%,-7.27%,23,,2020年,25.00%,1.70,波动率调整测试,6.93%,13.58%,13.12%,7.43%,波动率调整_25%_目标15%,57.69%,-7.33%,66.67%,1.1262,15.00%,9.93%,25.00%,vol_scaled,
-7.06%,-7.27%,23,,2021年,25.00%,1.57,波动率调整测试,6.93%,14.10%,10.61%,6.56%,波动率调整_25%_目标15%,57.69%,-3.33%,58.33%,1.1021,15.00%,9.93%,25.00%,vol_scaled,
-7.06%,-7.27%,23,,2022年,25.00%,1.11,波动率调整测试,6.93%,11.89%,6.92%,6.19%,波动率调整_25%_目标15%,57.69%,-4.98%,58.33%,1.0664,15.00%,9.93%,25.00%,vol_scaled,
-7.06%,-7.27%,23,,2023年,25.00%,2.73,波动率调整测试,6.93%,12.19%,10.61%,3.71%,波动率调整_25%_目标15%,57.69%,-2.05%,58.33%,1.1017,15.00%,9.93%,25.00%,vol_scaled,
-7.06%,-7.27%,23,,2024年,25.00%,2.26,波动率调整测试,6.93%,11.27%,11.93%,5.04%,波动率调整_25%_目标15%,57.69%,-2.69%,75.00%,1.1143,15.00%,9.93%,25.00%,vol_scaled,
-7.06%,-7.27%,23,,2025年,25.00%,2.38,波动率调整测试,6.93%,13.26%,13.30%,5.32%,波动率调整_25%_目标15%,57.69%,-2.86%,75.00%,1.1280,15.00%,9.93%,25.00%,vol_scaled,
-7.06%,-7.27%,23,,2026年,25.00%,2.46,波动率调整测试,6.93%,13.45%,21.40%,8.01%,波动率调整_25%_目标15%,57.69%,-2.87%,100.00%,1.0440,15.00%,9.93%,25.00%,vol_scaled,
-7.06%,-7.27%,23,,全局 (Total),25.00%,1.80,波动率调整测试,6.91%,12.93%,11.05%,5.91%,波动率调整_25%_目标18%,57.69%,-7.33%,66.67%,2.2925,18.00%,11.12%,25.00%,vol_scaled,
-7.06%,-7.27%,23,,训练期 (2018-2020),25.00%,1.69,波动率调整测试,6.91%,13.52%,10.93%,6.25%,波动率调整_25%_目标18%,57.69%,-7.33%,66.67%,1.3483,18.00%,11.12%,25.00%,vol_scaled,
-7.06%,-7.27%,23,,验证期 (2021-2026),25.00%,1.88,波动率调整测试,6.91%,12.60%,11.12%,5.71%,波动率调整_25%_目标18%,57.69%,-4.98%,66.67%,1.7002,18.00%,11.12%,25.00%,vol_scaled,
-7.06%,-7.27%,23,,2018年,25.00%,0.72,波动率调整测试,6.91%,12.96%,3.65%,5.13%,波动率调整_25%_目标18%,57.69%,-5.35%,66.67%,1.0346,18.00%,11.12%,25.00%,vol_scaled,
-7.06%,-7.27%,23,,2019年,25.00%,2.63,波动率调整测试,6.91%,14.00%,15.78%,5.64%,波动率调整_25%_目标18%,57.69%,-3.16%,66.67%,1.1524,18.00%,11.12%,25.00%,vol_scaled,
-7.06%,-7.27%,23,,2020年,25.00%,1.70,波动率调整测试,6.91%,13.59%,13.60%,7.67%,波动率调整_25%_目标18%,57.69%,-7.33%,66.67%,1.1309,18.00%,11.12%,25.00%,vol_scaled,
-7.06%,-7.27%,23,,2021年,25.00%,1.48,波动率调整测试,6.91%,14.12%,10.35%,6.80%,波动率调整_25%_目标18%,57.69%,-3.57%,58.33%,1.0996,18.00%,11.12%,25.00%,vol_scaled,
-7.06%,-7.27%,23,,2022年,25.00%,1.07,波动率调整测试,6.91%,11.89%,6.67%,6.21%,波动率调整_25%_目标18%,57.69%,-4.98%,58.33%,1.0640,18.00%,11.12%,25.00%,vol_scaled,
-7.06%,-7.27%,23,,2023年,25.00%,2.80,波动率调整测试,6.91%,12.19%,10.92%,3.72%,波动率调整_25%_目标18%,57.69%,-2.05%,58.33%,1.1047,18.00%,11.12%,25.00%,vol_scaled,
-7.06%,-7.27%,23,,2024年,25.00%,2.22,波动率调整测试,6.91%,11.27%,12.13%,5.23%,波动率调整_25%_目标18%,57.69%,-2.69%,75.00%,1.1162,18.00%,11.12%,25.00%,vol_scaled,
-7.06%,-7.27%,23,,2025年,25.00%,2.37,波动率调整测试,6.91%,13.28%,13.53%,5.42%,波动率调整_25%_目标18%,57.69%,-2.86%,75.00%,1.1302,18.00%,11.12%,25.00%,vol_scaled,
-7.06%,-7.27%,23,,2026年,25.00%,2.35,波动率调整测试,6.91%,13.50%,20.78%,8.18%,波动率调整_25%_目标18%,57.69%,-2.87%,100.00%,1.0428,18.00%,11.12%,25.00%,vol_scaled,
-6.36%,-6.44%,23,,全局 (Total),25.00%,1.87,风险预算测试,6.25%,12.86%,9.70%,5.02%,风险预算_25%_预算15%,70.81%,-6.85%,72.73%,2.0811,,2.02%,7.67%,risk_budget,15.00%
-6.36%,-6.44%,23,,训练期 (2018-2020),25.00%,1.63,风险预算测试,6.25%,13.49%,8.14%,4.88%,风险预算_25%_预算15%,70.81%,-6.85%,69.44%,1.2528,,2.02%,7.67%,risk_budget,15.00%
-6.36%,-6.44%,23,,验证期 (2021-2026),25.00%,2.00,风险预算测试,6.25%,12.50%,10.61%,5.10%,风险预算_25%_预算15%,70.81%,-4.98%,74.60%,1.6612,,2.02%,7.67%,risk_budget,15.00%
-6.36%,-6.44%,23,,2018年,25.00%,1.18,风险预算测试,6.25%,13.04%,5.15%,4.34%,风险预算_25%_预算15%,70.81%,-3.45%,66.67%,1.0488,,2.02%,7.67%,risk_budget,15.00%
-6.36%,-6.44%,23,,2019年,25.00%,2.74,风险预算测试,6.25%,13.84%,10.21%,3.57%,风险预算_25%_预算15%,70.81%,-1.86%,75.00%,1.0987,,2.02%,7.67%,risk_budget,15.00%
-6.36%,-6.44%,23,,2020年,25.00%,1.40,风险预算测试,6.25%,13.58%,9.05%,6.33%,风险预算_25%_预算15%,70.81%,-6.85%,66.67%,1.0872,,2.02%,7.67%,risk_budget,15.00%
-6.36%,-6.44%,23,,2021年,25.00%,2.02,风险预算测试,6.25%,14.03%,12.43%,5.90%,风险预算_25%_预算15%,70.81%,-3.40%,66.67%,1.1196,,2.02%,7.67%,risk_budget,15.00%
-6.36%,-6.44%,23,,2022年,25.00%,1.25,风险预算测试,6.25%,11.88%,7.81%,6.17%,风险预算_25%_预算15%,70.81%,-4.98%,66.67%,1.0749,,2.02%,7.67%,risk_budget,15.00%
-6.36%,-6.44%,23,,2023年,25.00%,3.01,风险预算测试,6.25%,12.11%,10.59%,3.37%,风险预算_25%_预算15%,70.81%,-2.05%,75.00%,1.1014,,2.02%,7.67%,risk_budget,15.00%
-6.36%,-6.44%,23,,2024年,25.00%,2.39,风险预算测试,6.25%,11.25%,11.12%,4.46%,风险预算_25%_预算15%,70.81%,-2.69%,75.00%,1.1065,,2.02%,7.67%,risk_budget,15.00%
-6.36%,-6.44%,23,,2025年,25.00%,1.70,风险预算测试,6.25%,13.08%,8.20%,4.70%,风险预算_25%_预算15%,70.81%,-2.90%,83.33%,1.0789,,2.02%,7.67%,risk_budget,15.00%
-6.36%,-6.44%,23,,2026年,25.00%,3.32,风险预算测试,6.25%,13.15%,24.38%,6.65%,风险预算_25%_预算15%,70.81%,-2.39%,100.00%,1.0497,,2.02%,7.67%,risk_budget,15.00%
-6.41%,-6.50%,23,,全局 (Total),25.00%,1.88,风险预算测试,6.33%,12.87%,9.82%,5.06%,风险预算_25%_预算20%,70.01%,-6.88%,71.72%,2.0985,,2.81%,10.53%,risk_budget,20.00%
-6.41%,-6.50%,23,,训练期 (2018-2020),25.00%,1.65,风险预算测试,6.33%,13.49%,8.41%,4.96%,风险预算_25%_预算20%,70.01%,-6.88%,69.44%,1.2620,,2.81%,10.53%,risk_budget,20.00%
-6.41%,-6.50%,23,,验证期 (2021-2026),25.00%,2.00,风险预算测试,6.33%,12.51%,10.63%,5.12%,风险预算_25%_预算20%,70.01%,-4.98%,73.02%,1.6629,,2.81%,10.53%,risk_budget,20.00%
-6.41%,-6.50%,23,,2018年,25.00%,1.15,风险预算测试,6.33%,13.04%,5.05%,4.38%,风险预算_25%_预算20%,70.01%,-3.45%,66.67%,1.0479,,2.81%,10.53%,risk_budget,20.00%
-6.41%,-6.50%,23,,2019年,25.00%,2.77,风险预算测试,6.33%,13.85%,10.55%,3.64%,风险预算_25%_预算20%,70.01%,-1.89%,75.00%,1.1020,,2.81%,10.53%,risk_budget,20.00%
-6.41%,-6.50%,23,,2020年,25.00%,1.46,风险预算测试,6.33%,13.59%,9.65%,6.43%,风险预算_25%_预算20%,70.01%,-6.88%,66.67%,1.0929,,2.81%,10.53%,risk_budget,20.00%
-6.41%,-6.50%,23,,2021年,25.00%,1.97,风险预算测试,6.33%,14.04%,12.17%,5.92%,风险预算_25%_预算20%,70.01%,-3.35%,66.67%,1.1172,,2.81%,10.53%,risk_budget,20.00%
-6.41%,-6.50%,23,,2022年,25.00%,1.23,风险预算测试,6.33%,11.89%,7.67%,6.17%,风险预算_25%_预算20%,70.01%,-4.98%,66.67%,1.0736,,2.81%,10.53%,risk_budget,20.00%
-6.41%,-6.50%,23,,2023年,25.00%,3.00,风险预算测试,6.33%,12.12%,10.63%,3.38%,风险预算_25%_预算20%,70.01%,-2.05%,66.67%,1.1019,,2.81%,10.53%,risk_budget,20.00%
-6.41%,-6.50%,23,,2024年,25.00%,2.37,风险预算测试,6.33%,11.26%,11.21%,4.52%,风险预算_25%_预算20%,70.01%,-2.69%,75.00%,1.1074,,2.81%,10.53%,risk_budget,20.00%
-6.41%,-6.50%,23,,2025年,25.00%,1.78,风险预算测试,6.33%,13.09%,8.62%,4.71%,风险预算_25%_预算20%,70.01%,-2.89%,83.33%,1.0830,,2.81%,10.53%,risk_budget,20.00%
-6.41%,-6.50%,23,,2026年,25.00%,3.25,风险预算测试,6.33%,13.18%,24.10%,6.71%,风险预算_25%_预算20%,70.01%,-2.43%,100.00%,1.0492,,2.81%,10.53%,risk_budget,20.00%
-6.47%,-6.57%,23,,全局 (Total),25.00%,1.88,风险预算测试,6.43%,12.87%,9.95%,5.12%,风险预算_25%_预算25%,69.13%,-6.92%,72.73%,2.1175,,3.67%,13.56%,risk_budget,25.00%
-6.47%,-6.57%,23,,训练期 (2018-2020),25.00%,1.68,风险预算测试,6.43%,13.49%,8.71%,5.05%,风险预算_25%_预算25%,69.13%,-6.92%,72.22%,1.2720,,3.67%,13.56%,risk_budget,25.00%
-6.47%,-6.57%,23,,验证期 (2021-2026),25.00%,1.99,风险预算测试,6.43%,12.52%,10.66%,5.16%,风险预算_25%_预算25%,69.13%,-4.98%,73.02%,1.6647,,3.67%,13.56%,risk_budget,25.00%
-6.47%,-6.57%,23,,2018年,25.00%,1.11,风险预算测试,6.43%,13.03%,4.94%,4.42%,风险预算_25%_预算25%,69.13%,-3.45%,66.67%,1.0468,,3.67%,13.56%,risk_budget,25.00%
-6.47%,-6.57%,23,,2019年,25.00%,2.80,风险预算测试,6.43%,13.86%,10.93%,3.73%,风险预算_25%_预算25%,69.13%,-1.98%,83.33%,1.1057,,3.67%,13.56%,risk_budget,25.00%
-6.47%,-6.57%,23,,2020年,25.00%,1.52,风险预算测试,6.43%,13.59%,10.28%,6.56%,风险预算_25%_预算25%,69.13%,-6.92%,66.67%,1.0990,,3.67%,13.56%,risk_budget,25.00%
-6.47%,-6.57%,23,,2021年,25.00%,1.91,风险预算测试,6.43%,14.05%,11.90%,5.97%,风险预算_25%_预算25%,69.13%,-3.31%,66.67%,1.1145,,3.67%,13.56%,risk_budget,25.00%
-6.47%,-6.57%,23,,2022年,25.00%,1.21,风险预算测试,6.43%,11.89%,7.52%,6.17%,风险预算_25%_预算25%,69.13%,-4.98%,66.67%,1.0721,,3.67%,13.56%,risk_budget,25.00%
-6.47%,-6.57%,23,,2023年,25.00%,3.00,风险预算测试,6.43%,12.12%,10.68%,3.40%,风险预算_25%_预算25%,69.13%,-2.05%,66.67%,1.1024,,3.67%,13.56%,risk_budget,25.00%
-6.47%,-6.57%,23,,2024年,25.00%,2.36,风险预算测试,6.43%,11.26%,11.31%,4.59%,风险预算_25%_预算25%,69.13%,-2.69%,75.00%,1.1083,,3.67%,13.56%,risk_budget,25.00%
-6.47%,-6.57%,23,,2025年,25.00%,1.86,风险预算测试,6.43%,13.11%,9.08%,4.73%,风险预算_25%_预算25%,69.13%,-2.88%,83.33%,1.0875,,3.67%,13.56%,risk_budget,25.00%
-6.47%,-6.57%,23,,2026年,25.00%,3.18,风险预算测试,6.43%,13.21%,23.80%,6.80%,风险预算_25%_预算25%,69.13%,-2.47%,100.00%,1.0486,,3.67%,13.56%,risk_budget,25.00%
-7.17%,-7.38%,23,10.00%,全局 (Total),25.00%,1.72,信号限速测试,6.65%,12.96%,11.01%,6.20%,固定仓位限速_25%_周变10pct,54.59%,-7.44%,68.69%,2.2850,,12.39%,25.00%,fixed,
-7.17%,-7.38%,23,10.00%,训练期 (2018-2020),25.00%,1.55,信号限速测试,6.65%,13.56%,10.88%,6.79%,固定仓位限速_25%_周变10pct,54.59%,-7.44%,66.67%,1.3465,,12.39%,25.00%,fixed,
-7.17%,-7.38%,23,10.00%,验证期 (2021-2026),25.00%,1.83,信号限速测试,6.65%,12.61%,11.08%,5.83%,固定仓位限速_25%_周变10pct,54.59%,-4.98%,69.84%,1.6970,,12.39%,25.00%,fixed,
-7.17%,-7.38%,23,10.00%,2018年,25.00%,0.69,信号限速测试,6.65%,13.00%,3.51%,5.23%,固定仓位限速_25%_周变10pct,54.59%,-5.35%,66.67%,1.0333,,12.39%,25.00%,fixed,
-7.17%,-7.38%,23,10.00%,2019年,25.00%,2.26,信号限速测试,6.65%,14.06%,15.20%,6.35%,固定仓位限速_25%_周变10pct,54.59%,-4.08%,66.67%,1.1469,,12.39%,25.00%,fixed,
-7.17%,-7.38%,23,10.00%,2020年,25.00%,1.62,信号限速测试,6.65%,13.61%,14.17%,8.40%,固定仓位限速_25%_周变10pct,54.59%,-7.44%,66.67%,1.1363,,12.39%,25.00%,fixed,
-7.17%,-7.38%,23,10.00%,2021年,25.00%,1.43,信号限速测试,6.65%,14.15%,10.26%,6.99%,固定仓位限速_25%_周变10pct,54.59%,-3.80%,58.33%,1.0988,,12.39%,25.00%,fixed,
-7.17%,-7.38%,23,10.00%,2022年,25.00%,1.13,信号限速测试,6.65%,11.89%,7.08%,6.20%,固定仓位限速_25%_周变10pct,54.59%,-4.98%,66.67%,1.0679,,12.39%,25.00%,fixed,
-7.17%,-7.38%,23,10.00%,2023年,25.00%,2.76,信号限速测试,6.65%,12.22%,10.81%,3.75%,固定仓位限速_25%_周变10pct,54.59%,-2.05%,58.33%,1.1036,,12.39%,25.00%,fixed,
-7.17%,-7.38%,23,10.00%,2024年,25.00%,2.10,信号限速测试,6.65%,11.32%,12.10%,5.50%,固定仓位限速_25%_周变10pct,54.59%,-2.80%,83.33%,1.1159,,12.39%,25.00%,fixed,
-7.17%,-7.38%,23,10.00%,2025年,25.00%,2.23,信号限速测试,6.65%,13.27%,13.14%,5.60%,固定仓位限速_25%_周变10pct,54.59%,-3.43%,75.00%,1.1265,,12.39%,25.00%,fixed,
-7.17%,-7.38%,23,10.00%,2026年,25.00%,2.33,信号限速测试,6.65%,13.51%,20.65%,8.19%,固定仓位限速_25%_周变10pct,54.59%,-2.87%,100.00%,1.0426,,12.39%,25.00%,fixed,
-7.17%,-7.38%,23,10.00%,全局 (Total),25.00%,1.80,信号限速测试,6.87%,12.93%,10.78%,5.79%,波动率调整限速_25%_目标15%_周变10pct,54.59%,-7.44%,67.68%,2.2476,15.00%,9.97%,25.00%,vol_scaled,
-7.17%,-7.38%,23,10.00%,训练期 (2018-2020),25.00%,1.64,信号限速测试,6.87%,13.51%,10.43%,6.16%,波动率调整限速_25%_目标15%_周变10pct,54.59%,-7.44%,66.67%,1.3309,15.00%,9.97%,25.00%,vol_scaled,
-7.17%,-7.38%,23,10.00%,验证期 (2021-2026),25.00%,1.90,信号限速测试,6.87%,12.59%,10.98%,5.57%,波动率调整限速_25%_目标15%_周变10pct,54.59%,-4.98%,68.25%,1.6887,15.00%,9.97%,25.00%,vol_scaled,
-7.17%,-7.38%,23,10.00%,2018年,25.00%,0.71,信号限速测试,6.87%,12.98%,3.52%,5.02%,波动率调整限速_25%_目标15%_周变10pct,54.59%,-5.20%,66.67%,1.0333,15.00%,9.97%,25.00%,vol_scaled,
-7.17%,-7.38%,23,10.00%,2019年,25.00%,2.69,信号限速测试,6.87%,13.95%,14.86%,5.21%,波动率调整限速_25%_目标15%_周变10pct,54.59%,-2.90%,66.67%,1.1435,15.00%,9.97%,25.00%,vol_scaled,
-7.17%,-7.38%,23,10.00%,2020年,25.00%,1.61,信号限速测试,6.87%,13.60%,13.14%,7.84%,波动率调整限速_25%_目标15%_周变10pct,54.59%,-7.44%,66.67%,1.1264,15.00%,9.97%,25.00%,vol_scaled,
-7.17%,-7.38%,23,10.00%,2021年,25.00%,1.57,信号限速测试,6.87%,14.12%,10.64%,6.56%,波动率调整限速_25%_目标15%_周变10pct,54.59%,-3.33%,58.33%,1.1024,15.00%,9.97%,25.00%,vol_scaled,
-7.17%,-7.38%,23,10.00%,2022年,25.00%,1.14,信号限速测试,6.87%,11.89%,7.09%,6.19%,波动率调整限速_25%_目标15%_周变10pct,54.59%,-4.98%,66.67%,1.0680,15.00%,9.97%,25.00%,vol_scaled,
-7.17%,-7.38%,23,10.00%,2023年,25.00%,2.67,信号限速测试,6.87%,12.22%,10.42%,3.74%,波动率调整限速_25%_目标15%_周变10pct,54.59%,-2.05%,58.33%,1.0998,15.00%,9.97%,25.00%,vol_scaled,
-7.17%,-7.38%,23,10.00%,2024年,25.00%,2.25,信号限速测试,6.87%,11.27%,11.59%,4.93%,波动率调整限速_25%_目标15%_周变10pct,54.59%,-2.69%,75.00%,1.1111,15.00%,9.97%,25.00%,vol_scaled,
-7.17%,-7.38%,23,10.00%,2025年,25.00%,2.31,信号限速测试,6.87%,13.24%,12.92%,5.32%,波动率调整限速_25%_目标15%_周变10pct,54.59%,-3.11%,75.00%,1.1243,15.00%,9.97%,25.00%,vol_scaled,
-7.17%,-7.38%,23,10.00%,2026年,25.00%,2.46,信号限速测试,6.87%,13.45%,21.40%,8.01%,波动率调整限速_25%_目标15%_周变10pct,54.59%,-2.87%,100.00%,1.0440,15.00%,9.97%,25.00%,vol_scaled,
-7.21%,-7.42%,23,15.00%,全局 (Total),25.00%,1.72,信号限速测试,6.70%,12.95%,11.01%,6.20%,固定仓位限速_25%_周变15pct,54.59%,-7.49%,65.66%,2.2847,,12.42%,25.00%,fixed,
-7.21%,-7.42%,23,15.00%,训练期 (2018-2020),25.00%,1.58,信号限速测试,6.70%,13.55%,10.96%,6.74%,固定仓位限速_25%_周变15pct,54.59%,-7.49%,66.67%,1.3493,,12.42%,25.00%,fixed,
-7.21%,-7.42%,23,15.00%,验证期 (2021-2026),25.00%,1.81,信号限速测试,6.70%,12.61%,11.03%,5.87%,固定仓位限速_25%_周变15pct,54.59%,-4.98%,65.08%,1.6932,,12.42%,25.00%,fixed,
-7.21%,-7.42%,23,15.00%,2018年,25.00%,0.72,信号限速测试,6.70%,12.98%,3.69%,5.22%,固定仓位限速_25%_周变15pct,54.59%,-5.35%,66.67%,1.0349,,12.42%,25.00%,fixed,
-7.21%,-7.42%,23,15.00%,2019年,25.00%,2.29,信号限速测试,6.70%,14.07%,15.44%,6.37%,固定仓位限速_25%_周变15pct,54.59%,-4.08%,66.67%,1.1492,,12.42%,25.00%,fixed,
-7.21%,-7.42%,23,15.00%,2020年,25.00%,1.63,信号限速测试,6.70%,13.60%,13.98%,8.26%,固定仓位限速_25%_周变15pct,54.59%,-7.49%,66.67%,1.1345,,12.42%,25.00%,fixed,
-7.21%,-7.42%,23,15.00%,2021年,25.00%,1.43,信号限速测试,6.70%,14.14%,10.25%,6.99%,固定仓位限速_25%_周变15pct,54.59%,-3.80%,58.33%,1.0987,,12.42%,25.00%,fixed,
-7.21%,-7.42%,23,15.00%,2022年,25.00%,1.08,信号限速测试,6.70%,11.90%,6.71%,6.21%,固定仓位限速_25%_周变15pct,54.59%,-4.98%,58.33%,1.0644,,12.42%,25.00%,fixed,
-7.21%,-7.42%,23,15.00%,2023年,25.00%,2.77,信号限速测试,6.70%,12.21%,10.85%,3.74%,固定仓位限速_25%_周变15pct,54.59%,-2.05%,58.33%,1.1040,,12.42%,25.00%,fixed,
-7.21%,-7.42%,23,15.00%,2024年,25.00%,1.96,信号限速测试,6.70%,11.31%,11.90%,5.83%,固定仓位限速_25%_周变15pct,54.59%,-3.33%,66.67%,1.1140,,12.42%,25.00%,fixed,
-7.21%,-7.42%,23,15.00%,2025年,25.00%,2.34,信号限速测试,6.70%,13.29%,13.44%,5.46%,固定仓位限速_25%_周变15pct,54.59%,-3.09%,75.00%,1.1293,,12.42%,25.00%,fixed,
-7.21%,-7.42%,23,15.00%,2026年,25.00%,2.33,信号限速测试,6.70%,13.51%,20.65%,8.19%,固定仓位限速_25%_周变15pct,54.59%,-2.87%,100.00%,1.0426,,12.42%,25.00%,fixed,
-7.21%,-7.42%,23,15.00%,全局 (Total),25.00%,1.81,信号限速测试,6.91%,12.92%,10.83%,5.78%,波动率调整限速_25%_目标15%_周变15pct,54.59%,-7.49%,67.68%,2.2567,15.00%,9.97%,25.00%,vol_scaled,
-7.21%,-7.42%,23,15.00%,训练期 (2018-2020),25.00%,1.66,信号限速测试,6.91%,13.51%,10.44%,6.10%,波动率调整限速_25%_目标15%_周变15pct,54.59%,-7.49%,66.67%,1.3310,15.00%,9.97%,25.00%,vol_scaled,
-7.21%,-7.42%,23,15.00%,验证期 (2021-2026),25.00%,1.91,信号限速测试,6.91%,12.59%,11.06%,5.59%,波动率调整限速_25%_目标15%_周变15pct,54.59%,-4.98%,68.25%,1.6955,15.00%,9.97%,25.00%,vol_scaled,
-7.21%,-7.42%,23,15.00%,2018年,25.00%,0.73,信号限速测试,6.91%,12.97%,3.62%,5.02%,波动率调整限速_25%_目标15%_周变15pct,54.59%,-5.20%,66.67%,1.0343,15.00%,9.97%,25.00%,vol_scaled,
-7.21%,-7.42%,23,15.00%,2019年,25.00%,2.70,信号限速测试,6.91%,13.96%,14.97%,5.22%,波动率调整限速_25%_目标15%_周变15pct,54.59%,-2.90%,66.67%,1.1446,15.00%,9.97%,25.00%,vol_scaled,
-7.21%,-7.42%,23,15.00%,2020年,25.00%,1.62,信号限速测试,6.91%,13.59%,12.92%,7.68%,波动率调整限速_25%_目标15%_周变15pct,54.59%,-7.49%,66.67%,1.1243,15.00%,9.97%,25.00%,vol_scaled,
-7.21%,-7.42%,23,15.00%,2021年,25.00%,1.57,信号限速测试,6.91%,14.11%,10.63%,6.56%,波动率调整限速_25%_目标15%_周变15pct,54.59%,-3.33%,58.33%,1.1023,15.00%,9.97%,25.00%,vol_scaled,
-7.21%,-7.42%,23,15.00%,2022年,25.00%,1.12,信号限速测试,6.91%,11.89%,6.99%,6.19%,波动率调整限速_25%_目标15%_周变15pct,54.59%,-4.98%,66.67%,1.0670,15.00%,9.97%,25.00%,vol_scaled,
-7.21%,-7.42%,23,15.00%,2023年,25.00%,2.69,信号限速测试,6.91%,12.20%,10.46%,3.73%,波动率调整限速_25%_目标15%_周变15pct,54.59%,-2.05%,58.33%,1.1002,15.00%,9.97%,25.00%,vol_scaled,
-7.21%,-7.42%,23,15.00%,2024年,25.00%,2.26,信号限速测试,6.91%,11.27%,11.93%,5.04%,波动率调整限速_25%_目标15%_周变15pct,54.59%,-2.69%,75.00%,1.1143,15.00%,9.97%,25.00%,vol_scaled,
-7.21%,-7.42%,23,15.00%,2025年,25.00%,2.35,信号限速测试,6.91%,13.25%,13.12%,5.32%,波动率调整限速_25%_目标15%_周变15pct,54.59%,-2.90%,75.00%,1.1262,15.00%,9.97%,25.00%,vol_scaled,
-7.21%,-7.42%,23,15.00%,2026年,25.00%,2.46,信号限速测试,6.91%,13.45%,21.40%,8.01%,波动率调整限速_25%_目标15%_周变15pct,54.59%,-2.87%,100.00%,1.0440,15.00%,9.97%,25.00%,vol_scaled,
-7.14%,-7.35%,23,20.00%,全局 (Total),25.00%,1.73,信号限速测试,6.69%,12.95%,11.09%,6.20%,固定仓位限速_25%_周变20pct,54.59%,-7.41%,66.67%,2.2988,,12.43%,25.00%,fixed,
-7.14%,-7.35%,23,20.00%,训练期 (2018-2020),25.00%,1.59,信号限速测试,6.69%,13.55%,10.97%,6.69%,固定仓位限速_25%_周变20pct,54.59%,-7.41%,66.67%,1.3495,,12.43%,25.00%,fixed,
-7.14%,-7.35%,23,20.00%,验证期 (2021-2026),25.00%,1.83,信号限速测试,6.69%,12.61%,11.17%,5.90%,固定仓位限速_25%_周变20pct,54.59%,-4.98%,66.67%,1.7034,,12.43%,25.00%,fixed,
-7.14%,-7.35%,23,20.00%,2018年,25.00%,0.72,信号限速测试,6.69%,12.97%,3.69%,5.22%,固定仓位限速_25%_周变20pct,54.59%,-5.35%,66.67%,1.0350,,12.43%,25.00%,fixed,
-7.14%,-7.35%,23,20.00%,2019年,25.00%,2.29,信号限速测试,6.69%,14.07%,15.52%,6.38%,固定仓位限速_25%_周变20pct,54.59%,-4.08%,66.67%,1.1499,,12.43%,25.00%,fixed,
-7.14%,-7.35%,23,20.00%,2020年,25.00%,1.64,信号限速测试,6.69%,13.60%,13.92%,8.13%,固定仓位限速_25%_周变20pct,54.59%,-7.41%,66.67%,1.1339,,12.43%,25.00%,fixed,
-7.14%,-7.35%,23,20.00%,2021年,25.00%,1.43,信号限速测试,6.69%,14.14%,10.24%,6.99%,固定仓位限速_25%_周变20pct,54.59%,-3.80%,58.33%,1.0986,,12.43%,25.00%,fixed,
-7.14%,-7.35%,23,20.00%,2022年,25.00%,1.06,信号限速测试,6.69%,11.90%,6.61%,6.21%,固定仓位限速_25%_周变20pct,54.59%,-4.98%,58.33%,1.0634,,12.43%,25.00%,fixed,
-7.14%,-7.35%,23,20.00%,2023年,25.00%,2.80,信号限速测试,6.69%,12.20%,10.92%,3.73%,固定仓位限速_25%_周变20pct,54.59%,-2.05%,58.33%,1.1047,,12.43%,25.00%,fixed,
-7.14%,-7.35%,23,20.00%,2024年,25.00%,1.99,信号限速测试,6.69%,11.30%,12.44%,5.98%,固定仓位限速_25%_周变20pct,54.59%,-3.33%,75.00%,1.1192,,12.43%,25.00%,fixed,
-7.14%,-7.35%,23,20.00%,2025年,25.00%,2.37,信号限速测试,6.69%,13.30%,13.64%,5.46%,固定仓位限速_25%_周变20pct,54.59%,-2.88%,75.00%,1.1312,,12.43%,25.00%,fixed,
-7.14%,-7.35%,23,20.00%,2026年,25.00%,2.33,信号限速测试,6.69%,13.51%,20.65%,8.19%,固定仓位限速_25%_周变20pct,54.59%,-2.87%,100.00%,1.0426,,12.43%,25.00%,fixed,
-7.14%,-7.35%,23,20.00%,全局 (Total),25.00%,1.82,信号限速测试,6.92%,12.92%,10.88%,5.75%,波动率调整限速_25%_目标15%_周变20pct,54.59%,-7.41%,66.67%,2.2644,15.00%,9.95%,25.00%,vol_scaled,
-7.14%,-7.35%,23,20.00%,训练期 (2018-2020),25.00%,1.68,信号限速测试,6.92%,13.50%,10.51%,6.04%,波动率调整限速_25%_目标15%_周变20pct,54.59%,-7.41%,66.67%,1.3335,15.00%,9.95%,25.00%,vol_scaled,
-7.14%,-7.35%,23,20.00%,验证期 (2021-2026),25.00%,1.91,信号限速测试,6.92%,12.59%,11.10%,5.59%,波动率调整限速_25%_目标15%_周变20pct,54.59%,-4.98%,66.67%,1.6981,15.00%,9.95%,25.00%,vol_scaled,
-7.14%,-7.35%,23,20.00%,2018年,25.00%,0.74,信号限速测试,6.92%,12.96%,3.68%,5.02%,波动率调整限速_25%_目标15%_周变20pct,54.59%,-5.20%,66.67%,1.0348,15.00%,9.95%,25.00%,vol_scaled,
-7.14%,-7.35%,23,20.00%,2019年,25.00%,2.71,信号限速测试,6.92%,13.96%,15.03%,5.23%,波动率调整限速_25%_目标15%_周变20pct,54.59%,-2.90%,66.67%,1.1452,15.00%,9.95%,25.00%,vol_scaled,
-7.14%,-7.35%,23,20.00%,2020年,25.00%,1.66,信号限速测试,6.92%,13.58%,13.02%,7.54%,波动率调整限速_25%_目标15%_周变20pct,54.59%,-7.41%,66.67%,1.1252,15.00%,9.95%,25.00%,vol_scaled,
-7.14%,-7.35%,23,20.00%,2021年,25.00%,1.57,信号限速测试,6.92%,14.11%,10.62%,6.56%,波动率调整限速_25%_目标15%_周变20pct,54.59%,-3.33%,58.33%,1.1022,15.00%,9.95%,25.00%,vol_scaled,
-7.14%,-7.35%,23,20.00%,2022年,25.00%,1.11,信号限速测试,6.92%,11.89%,6.92%,6.19%,波动率调整限速_25%_目标15%_周变20pct,54.59%,-4.98%,58.33%,1.0664,15.00%,9.95%,25.00%,vol_scaled,
-7.14%,-7.35%,23,20.00%,2023年,25.00%,2.71,信号限速测试,6.92%,12.20%,10.53%,3.72%,波动率调整限速_25%_目标15%_周变20pct,54.59%,-2.05%,58.33%,1.1010,15.00%,9.95%,25.00%,vol_scaled,
-7.14%,-7.35%,23,20.00%,2024年,25.00%,2.26,信号限速测试,6.92%,11.27%,11.93%,5.04%,波动率调整限速_25%_目标15%_周变20pct,54.59%,-2.69%,75.00%,1.1143,15.00%,9.95%,25.00%,vol_scaled,
-7.14%,-7.35%,23,20.00%,2025年,25.00%,2.38,信号限速测试,6.92%,13.26%,13.30%,5.32%,波动率调整限速_25%_目标15%_周变20pct,54.59%,-2.86%,75.00%,1.1280,15.00%,9.95%,25.00%,vol_scaled,
-7.14%,-7.35%,23,20.00%,2026年,25.00%,2.46,信号限速测试,6.92%,13.45%,21.40%,8.01%,波动率调整限速_25%_目标15%_周变20pct,54.59%,-2.87%,100.00%,1.0440,15.00%,9.95%,25.00%,vol_scaled,
-7.19%,-7.43%,23,,全局 (Total),30.00%,1.84,波动率调整测试,7.02%,12.92%,10.94%,5.72%,波动率调整_30%_目标12%,63.67%,-7.43%,66.67%,2.2738,12.00%,9.94%,30.00%,vol_scaled,
-7.19%,-7.43%,23,,训练期 (2018-2020),30.00%,1.70,波动率调整测试,7.02%,13.50%,10.46%,5.96%,波动率调整_30%_目标12%,63.67%,-7.43%,66.67%,1.3320,12.00%,9.94%,30.00%,vol_scaled,
-7.19%,-7.43%,23,,验证期 (2021-2026),30.00%,1.93,波动率调整测试,7.02%,12.59%,11.21%,5.58%,波动率调整_30%_目标12%,63.67%,-4.98%,66.67%,1.7071,12.00%,9.94%,30.00%,vol_scaled,
-7.19%,-7.43%,23,,2018年,30.00%,0.78,波动率调整测试,7.02%,12.96%,3.85%,4.98%,波动率调整_30%_目标12%,63.67%,-5.09%,66.67%,1.0365,12.00%,9.94%,30.00%,vol_scaled,
-7.19%,-7.43%,23,,2019年,30.00%,2.72,波动率调整测试,7.02%,13.94%,14.96%,5.19%,波动率调整_30%_目标12%,63.67%,-2.85%,66.67%,1.1445,12.00%,9.94%,30.00%,vol_scaled,
-7.19%,-7.43%,23,,2020年,30.00%,1.66,波动率调整测试,7.02%,13.57%,12.76%,7.40%,波动率调整_30%_目标12%,63.67%,-7.43%,66.67%,1.1228,12.00%,9.94%,30.00%,vol_scaled,
-7.19%,-7.43%,23,,2021年,30.00%,1.60,波动率调整测试,7.02%,14.10%,10.71%,6.50%,波动率调整_30%_目标12%,63.67%,-3.30%,58.33%,1.1031,12.00%,9.94%,30.00%,vol_scaled,
-7.19%,-7.43%,23,,2022年,30.00%,1.12,波动率调整测试,7.02%,11.89%,6.97%,6.19%,波动率调整_30%_目标12%,63.67%,-4.98%,58.33%,1.0669,12.00%,9.94%,30.00%,vol_scaled,
-7.19%,-7.43%,23,,2023年,30.00%,2.60,波动率调整测试,7.02%,12.21%,10.26%,3.79%,波动率调整_30%_目标12%,63.67%,-2.05%,58.33%,1.0983,12.00%,9.94%,30.00%,vol_scaled,
-7.19%,-7.43%,23,,2024年,30.00%,2.27,波动率调整测试,7.02%,11.27%,11.88%,5.00%,波动率调整_30%_目标12%,63.67%,-2.69%,75.00%,1.1139,12.00%,9.94%,30.00%,vol_scaled,
-7.19%,-7.43%,23,,2025年,30.00%,2.48,波动率调整测试,7.02%,13.26%,14.11%,5.38%,波动率调整_30%_目标12%,63.67%,-2.86%,75.00%,1.1357,12.00%,9.94%,30.00%,vol_scaled,
-7.19%,-7.43%,23,,2026年,30.00%,2.48,波动率调整测试,7.02%,13.44%,21.38%,7.95%,波动率调整_30%_目标12%,63.67%,-2.87%,100.00%,1.0440,12.00%,9.94%,30.00%,vol_scaled,
-7.22%,-7.47%,23,,全局 (Total),30.00%,1.80,波动率调整测试,7.15%,12.93%,11.21%,6.02%,波动率调整_30%_目标15%,64.98%,-7.47%,66.67%,2.3178,15.00%,11.92%,30.00%,vol_scaled,
-7.22%,-7.47%,23,,训练期 (2018-2020),30.00%,1.69,波动率调整测试,7.15%,13.50%,11.20%,6.39%,波动率调整_30%_目标15%,64.98%,-7.47%,66.67%,1.3579,15.00%,11.92%,30.00%,vol_scaled,
-7.22%,-7.47%,23,,验证期 (2021-2026),30.00%,1.86,波动率调整测试,7.15%,12.60%,11.21%,5.80%,波动率调整_30%_目标15%,64.98%,-4.98%,66.67%,1.7069,15.00%,11.92%,30.00%,vol_scaled,
-7.22%,-7.47%,23,,2018年,30.00%,0.67,波动率调整测试,7.15%,12.93%,3.45%,5.26%,波动率调整_30%_目标15%,64.98%,-5.77%,66.67%,1.0327,15.00%,11.92%,30.00%,vol_scaled,
-7.22%,-7.47%,23,,2019年,30.00%,2.63,波动率调整测试,7.15%,13.98%,16.18%,5.76%,波动率调整_30%_目标15%,64.98%,-3.16%,66.67%,1.1563,15.00%,11.92%,30.00%,vol_scaled,
-7.22%,-7.47%,23,,2020年,30.00%,1.74,波动率调整测试,7.15%,13.58%,14.25%,7.83%,波动率调整_30%_目标15%,64.98%,-7.47%,66.67%,1.1371,15.00%,11.92%,30.00%,vol_scaled,
-7.22%,-7.47%,23,,2021年,30.00%,1.43,波动率调整测试,7.15%,14.12%,10.10%,6.90%,波动率调整_30%_目标15%,64.98%,-3.57%,58.33%,1.0973,15.00%,11.92%,30.00%,vol_scaled,
-7.22%,-7.47%,23,,2022年,30.00%,1.07,波动率调整测试,7.15%,11.89%,6.67%,6.21%,波动率调整_30%_目标15%,64.98%,-4.98%,58.33%,1.0640,15.00%,11.92%,30.00%,vol_scaled,
-7.22%,-7.47%,23,,2023年,30.00%,2.64,波动率调整测试,7.15%,12.21%,10.64%,3.86%,波动率调整_30%_目标15%,64.98%,-2.05%,58.33%,1.1019,15.00%,11.92%,30.00%,vol_scaled,
-7.22%,-7.47%,23,,2024年,30.00%,2.22,波动率调整测试,7.15%,11.27%,12.13%,5.23%,波动率调整_30%_目标15%,64.98%,-2.69%,75.00%,1.1162,15.00%,11.92%,30.00%,vol_scaled,
-7.22%,-7.47%,23,,2025年,30.00%,2.46,波动率调整测试,7.15%,13.30%,14.57%,5.59%,波动率调整_30%_目标15%,64.98%,-2.86%,75.00%,1.1401,15.00%,11.92%,30.00%,vol_scaled,
-7.22%,-7.47%,23,,2026年,30.00%,2.25,波动率调整测试,7.15%,13.52%,20.65%,8.51%,波动率调整_30%_目标15%,64.98%,-2.99%,100.00%,1.0426,15.00%,11.92%,30.00%,vol_scaled,
-7.22%,-7.47%,23,,全局 (Total),30.00%,1.76,波动率调整测试,7.12%,12.95%,11.37%,6.25%,波动率调整_30%_目标18%,64.98%,-7.47%,66.67%,2.3452,18.00%,13.34%,30.00%,vol_scaled,
-7.22%,-7.47%,23,,训练期 (2018-2020),30.00%,1.67,波动率调整测试,7.12%,13.52%,11.63%,6.71%,波动率调整_30%_目标18%,64.98%,-7.47%,66.67%,1.3729,18.00%,13.34%,30.00%,vol_scaled,
-7.22%,-7.47%,23,,验证期 (2021-2026),30.00%,1.81,波动率调整测试,7.12%,12.62%,11.23%,5.96%,波动率调整_30%_目标18%,64.98%,-4.98%,66.67%,1.7082,18.00%,13.34%,30.00%,vol_scaled,
-7.22%,-7.47%,23,,2018年,30.00%,0.63,波动率调整测试,7.12%,12.94%,3.29%,5.41%,波动率调整_30%_目标18%,64.98%,-5.94%,66.67%,1.0312,18.00%,13.34%,30.00%,vol_scaled,
-7.22%,-7.47%,23,,2019年,30.00%,2.54,波动率调整测试,7.12%,14.03%,17.09%,6.29%,波动率调整_30%_目标18%,64.98%,-3.47%,66.67%,1.1650,18.00%,13.34%,30.00%,vol_scaled,
-7.22%,-7.47%,23,,2020年,30.00%,1.74,波动率调整测试,7.12%,13.59%,14.84%,8.14%,波动率调整_30%_目标18%,64.98%,-7.47%,66.67%,1.1428,18.00%,13.34%,30.00%,vol_scaled,
-7.22%,-7.47%,23,,2021年,30.00%,1.32,波动率调整测试,7.12%,14.14%,9.78%,7.24%,波动率调整_30%_目标18%,64.98%,-3.87%,58.33%,1.0942,18.00%,13.34%,30.00%,vol_scaled,
-7.22%,-7.47%,23,,2022年,30.00%,1.02,波动率调整测试,7.12%,11.90%,6.37%,6.22%,波动率调整_30%_目标18%,64.98%,-4.98%,58.33%,1.0611,18.00%,13.34%,30.00%,vol_scaled,
-7.22%,-7.47%,23,,2023年,30.00%,2.71,波动率调整测试,7.12%,12.21%,11.01%,3.88%,波动率调整_30%_目标18%,64.98%,-2.05%,58.33%,1.1055,18.00%,13.34%,30.00%,vol_scaled,
-7.22%,-7.47%,23,,2024年,30.00%,2.16,波动率调整测试,7.12%,11.28%,12.37%,5.47%,波动率调整_30%_目标18%,64.98%,-2.69%,75.00%,1.1186,18.00%,13.34%,30.00%,vol_scaled,
-7.22%,-7.47%,23,,2025年,30.00%,2.44,波动率调整测试,7.12%,13.33%,14.84%,5.74%,波动率调整_30%_目标18%,64.98%,-2.86%,83.33%,1.1428,18.00%,13.34%,30.00%,vol_scaled,
-7.22%,-7.47%,23,,2026年,30.00%,2.12,波动率调整测试,7.12%,13.59%,19.91%,8.74%,波动率调整_30%_目标18%,64.98%,-2.99%,66.67%,1.0412,18.00%,13.34%,30.00%,vol_scaled,
-6.36%,-6.44%,23,,全局 (Total),30.00%,1.87,风险预算测试,6.25%,12.86%,9.70%,5.02%,风险预算_30%_预算15%,70.81%,-6.85%,72.73%,2.0811,,2.02%,7.67%,risk_budget,15.00%
-6.36%,-6.44%,23,,训练期 (2018-2020),30.00%,1.63,风险预算测试,6.25%,13.49%,8.14%,4.88%,风险预算_30%_预算15%,70.81%,-6.85%,69.44%,1.2528,,2.02%,7.67%,risk_budget,15.00%
-6.36%,-6.44%,23,,验证期 (2021-2026),30.00%,2.00,风险预算测试,6.25%,12.50%,10.61%,5.10%,风险预算_30%_预算15%,70.81%,-4.98%,74.60%,1.6612,,2.02%,7.67%,risk_budget,15.00%
-6.36%,-6.44%,23,,2018年,30.00%,1.18,风险预算测试,6.25%,13.04%,5.15%,4.34%,风险预算_30%_预算15%,70.81%,-3.45%,66.67%,1.0488,,2.02%,7.67%,risk_budget,15.00%
-6.36%,-6.44%,23,,2019年,30.00%,2.74,风险预算测试,6.25%,13.84%,10.21%,3.57%,风险预算_30%_预算15%,70.81%,-1.86%,75.00%,1.0987,,2.02%,7.67%,risk_budget,15.00%
-6.36%,-6.44%,23,,2020年,30.00%,1.40,风险预算测试,6.25%,13.58%,9.05%,6.33%,风险预算_30%_预算15%,70.81%,-6.85%,66.67%,1.0872,,2.02%,7.67%,risk_budget,15.00%
-6.36%,-6.44%,23,,2021年,30.00%,2.02,风险预算测试,6.25%,14.03%,12.43%,5.90%,风险预算_30%_预算15%,70.81%,-3.40%,66.67%,1.1196,,2.02%,7.67%,risk_budget,15.00%
-6.36%,-6.44%,23,,2022年,30.00%,1.25,风险预算测试,6.25%,11.88%,7.81%,6.17%,风险预算_30%_预算15%,70.81%,-4.98%,66.67%,1.0749,,2.02%,7.67%,risk_budget,15.00%
-6.36%,-6.44%,23,,2023年,30.00%,3.01,风险预算测试,6.25%,12.11%,10.59%,3.37%,风险预算_30%_预算15%,70.81%,-2.05%,75.00%,1.1014,,2.02%,7.67%,risk_budget,15.00%
-6.36%,-6.44%,23,,2024年,30.00%,2.39,风险预算测试,6.25%,11.25%,11.12%,4.46%,风险预算_30%_预算15%,70.81%,-2.69%,75.00%,1.1065,,2.02%,7.67%,risk_budget,15.00%
-6.36%,-6.44%,23,,2025年,30.00%,1.70,风险预算测试,6.25%,13.08%,8.20%,4.70%,风险预算_30%_预算15%,70.81%,-2.90%,83.33%,1.0789,,2.02%,7.67%,risk_budget,15.00%
-6.36%,-6.44%,23,,2026年,30.00%,3.32,风险预算测试,6.25%,13.15%,24.38%,6.65%,风险预算_30%_预算15%,70.81%,-2.39%,100.00%,1.0497,,2.02%,7.67%,risk_budget,15.00%
-6.41%,-6.50%,23,,全局 (Total),30.00%,1.88,风险预算测试,6.33%,12.87%,9.82%,5.06%,风险预算_30%_预算20%,70.01%,-6.88%,71.72%,2.0985,,2.81%,10.53%,risk_budget,20.00%
-6.41%,-6.50%,23,,训练期 (2018-2020),30.00%,1.65,风险预算测试,6.33%,13.49%,8.41%,4.96%,风险预算_30%_预算20%,70.01%,-6.88%,69.44%,1.2620,,2.81%,10.53%,risk_budget,20.00%
-6.41%,-6.50%,23,,验证期 (2021-2026),30.00%,2.00,风险预算测试,6.33%,12.51%,10.63%,5.12%,风险预算_30%_预算20%,70.01%,-4.98%,73.02%,1.6629,,2.81%,10.53%,risk_budget,20.00%
-6.41%,-6.50%,23,,2018年,30.00%,1.15,风险预算测试,6.33%,13.04%,5.05%,4.38%,风险预算_30%_预算20%,70.01%,-3.45%,66.67%,1.0479,,2.81%,10.53%,risk_budget,20.00%
-6.41%,-6.50%,23,,2019年,30.00%,2.77,风险预算测试,6.33%,13.85%,10.55%,3.64%,风险预算_30%_预算20%,70.01%,-1.89%,75.00%,1.1020,,2.81%,10.53%,risk_budget,20.00%
-6.41%,-6.50%,23,,2020年,30.00%,1.46,风险预算测试,6.33%,13.59%,9.65%,6.43%,风险预算_30%_预算20%,70.01%,-6.88%,66.67%,1.0929,,2.81%,10.53%,risk_budget,20.00%
-6.41%,-6.50%,23,,2021年,30.00%,1.97,风险预算测试,6.33%,14.04%,12.17%,5.92%,风险预算_30%_预算20%,70.01%,-3.35%,66.67%,1.1172,,2.81%,10.53%,risk_budget,20.00%
-6.41%,-6.50%,23,,2022年,30.00%,1.23,风险预算测试,6.33%,11.89%,7.67%,6.17%,风险预算_30%_预算20%,70.01%,-4.98%,66.67%,1.0736,,2.81%,10.53%,risk_budget,20.00%
-6.41%,-6.50%,23,,2023年,30.00%,3.00,风险预算测试,6.33%,12.12%,10.63%,3.38%,风险预算_30%_预算20%,70.01%,-2.05%,66.67%,1.1019,,2.81%,10.53%,risk_budget,20.00%
-6.41%,-6.50%,23,,2024年,30.00%,2.37,风险预算测试,6.33%,11.26%,11.21%,4.52%,风险预算_30%_预算20%,70.01%,-2.69%,75.00%,1.1074,,2.81%,10.53%,risk_budget,20.00%
-6.41%,-6.50%,23,,2025年,30.00%,1.78,风险预算测试,6.33%,13.09%,8.62%,4.71%,风险预算_30%_预算20%,70.01%,-2.89%,83.33%,1.0830,,2.81%,10.53%,risk_budget,20.00%
-6.41%,-6.50%,23,,2026年,30.00%,3.25,风险预算测试,6.33%,13.18%,24.10%,6.71%,风险预算_30%_预算20%,70.01%,-2.43%,100.00%,1.0492,,2.81%,10.53%,risk_budget,20.00%
-6.47%,-6.57%,23,,全局 (Total),30.00%,1.88,风险预算测试,6.43%,12.87%,9.95%,5.12%,风险预算_30%_预算25%,69.13%,-6.92%,72.73%,2.1175,,3.67%,13.56%,risk_budget,25.00%
-6.47%,-6.57%,23,,训练期 (2018-2020),30.00%,1.68,风险预算测试,6.43%,13.49%,8.71%,5.05%,风险预算_30%_预算25%,69.13%,-6.92%,72.22%,1.2720,,3.67%,13.56%,risk_budget,25.00%
-6.47%,-6.57%,23,,验证期 (2021-2026),30.00%,1.99,风险预算测试,6.43%,12.52%,10.66%,5.16%,风险预算_30%_预算25%,69.13%,-4.98%,73.02%,1.6647,,3.67%,13.56%,risk_budget,25.00%
-6.47%,-6.57%,23,,2018年,30.00%,1.11,风险预算测试,6.43%,13.03%,4.94%,4.42%,风险预算_30%_预算25%,69.13%,-3.45%,66.67%,1.0468,,3.67%,13.56%,risk_budget,25.00%
-6.47%,-6.57%,23,,2019年,30.00%,2.80,风险预算测试,6.43%,13.86%,10.93%,3.73%,风险预算_30%_预算25%,69.13%,-1.98%,83.33%,1.1057,,3.67%,13.56%,risk_budget,25.00%
-6.47%,-6.57%,23,,2020年,30.00%,1.52,风险预算测试,6.43%,13.59%,10.28%,6.56%,风险预算_30%_预算25%,69.13%,-6.92%,66.67%,1.0990,,3.67%,13.56%,risk_budget,25.00%
-6.47%,-6.57%,23,,2021年,30.00%,1.91,风险预算测试,6.43%,14.05%,11.90%,5.97%,风险预算_30%_预算25%,69.13%,-3.31%,66.67%,1.1145,,3.67%,13.56%,risk_budget,25.00%
-6.47%,-6.57%,23,,2022年,30.00%,1.21,风险预算测试,6.43%,11.89%,7.52%,6.17%,风险预算_30%_预算25%,69.13%,-4.98%,66.67%,1.0721,,3.67%,13.56%,risk_budget,25.00%
-6.47%,-6.57%,23,,2023年,30.00%,3.00,风险预算测试,6.43%,12.12%,10.68%,3.40%,风险预算_30%_预算25%,69.13%,-2.05%,66.67%,1.1024,,3.67%,13.56%,risk_budget,25.00%
-6.47%,-6.57%,23,,2024年,30.00%,2.36,风险预算测试,6.43%,11.26%,11.31%,4.59%,风险预算_30%_预算25%,69.13%,-2.69%,75.00%,1.1083,,3.67%,13.56%,risk_budget,25.00%
-6.47%,-6.57%,23,,2025年,30.00%,1.86,风险预算测试,6.43%,13.11%,9.08%,4.73%,风险预算_30%_预算25%,69.13%,-2.88%,83.33%,1.0875,,3.67%,13.56%,risk_budget,25.00%
-6.47%,-6.57%,23,,2026年,30.00%,3.18,风险预算测试,6.43%,13.21%,23.80%,6.80%,风险预算_30%_预算25%,69.13%,-2.47%,100.00%,1.0486,,3.67%,13.56%,risk_budget,25.00%
-7.29%,-7.53%,23,10.00%,全局 (Total),30.00%,1.66,信号限速测试,6.81%,12.98%,11.35%,6.62%,固定仓位限速_30%_周变10pct,53.30%,-7.53%,68.69%,2.3415,,14.86%,30.00%,fixed,
-7.29%,-7.53%,23,10.00%,训练期 (2018-2020),30.00%,1.50,信号限速测试,6.81%,13.58%,11.50%,7.42%,固定仓位限速_30%_周变10pct,53.30%,-7.53%,69.44%,1.3684,,14.86%,30.00%,fixed,
-7.29%,-7.53%,23,10.00%,验证期 (2021-2026),30.00%,1.77,信号限速测试,6.81%,12.64%,11.27%,6.12%,固定仓位限速_30%_周变10pct,53.30%,-4.98%,68.25%,1.7112,,14.86%,30.00%,fixed,
-7.29%,-7.53%,23,10.00%,2018年,30.00%,0.56,信号限速测试,6.81%,13.00%,2.98%,5.55%,固定仓位限速_30%_周变10pct,53.30%,-5.94%,66.67%,1.0282,,14.86%,30.00%,fixed,
-7.29%,-7.53%,23,10.00%,2019年,30.00%,2.14,信号限速测试,6.81%,14.11%,16.22%,7.15%,固定仓位限速_30%_周变10pct,53.30%,-4.66%,75.00%,1.1567,,14.86%,30.00%,fixed,
-7.29%,-7.53%,23,10.00%,2020年,30.00%,1.64,信号限速测试,6.81%,13.62%,15.65%,9.12%,固定仓位限速_30%_周变10pct,53.30%,-7.53%,66.67%,1.1505,,14.86%,30.00%,fixed,
-7.29%,-7.53%,23,10.00%,2021年,30.00%,1.27,信号限速测试,6.81%,14.18%,9.68%,7.51%,固定仓位限速_30%_周变10pct,53.30%,-4.14%,58.33%,1.0932,,14.86%,30.00%,fixed,
-7.29%,-7.53%,23,10.00%,2022年,30.00%,1.14,信号限速测试,6.81%,11.90%,7.10%,6.21%,固定仓位限速_30%_周变10pct,53.30%,-4.98%,66.67%,1.0681,,14.86%,30.00%,fixed,
-7.29%,-7.53%,23,10.00%,2023年,30.00%,2.65,信号限速测试,6.81%,12.25%,10.87%,3.92%,固定仓位限速_30%_周变10pct,53.30%,-2.05%,58.33%,1.1041,,14.86%,30.00%,fixed,
-7.29%,-7.53%,23,10.00%,2024年,30.00%,2.15,信号限速测试,6.81%,11.33%,12.70%,5.63%,固定仓位限速_30%_周变10pct,53.30%,-2.84%,83.33%,1.1217,,14.86%,30.00%,fixed,
-7.29%,-7.53%,23,10.00%,2025年,30.00%,2.22,信号限速测试,6.81%,13.31%,14.22%,6.09%,固定仓位限速_30%_周变10pct,53.30%,-3.73%,75.00%,1.1368,,14.86%,30.00%,fixed,
-7.29%,-7.53%,23,10.00%,2026年,30.00%,2.10,信号限速测试,6.81%,13.59%,19.76%,8.75%,固定仓位限速_30%_周变10pct,53.30%,-2.99%,66.67%,1.0409,,14.86%,30.00%,fixed,
-7.29%,-7.53%,23,10.00%,全局 (Total),30.00%,1.74,信号限速测试,7.06%,12.94%,11.00%,6.10%,波动率调整限速_30%_目标15%_周变10pct,50.95%,-7.53%,67.68%,2.2841,15.00%,11.96%,30.00%,vol_scaled,
-7.29%,-7.53%,23,10.00%,训练期 (2018-2020),30.00%,1.61,信号限速测试,7.06%,13.52%,10.99%,6.61%,波动率调整限速_30%_目标15%_周变10pct,50.95%,-7.53%,66.67%,1.3504,15.00%,11.96%,30.00%,vol_scaled,
-7.29%,-7.53%,23,10.00%,验证期 (2021-2026),30.00%,1.83,信号限速测试,7.06%,12.61%,11.01%,5.79%,波动率调整限速_30%_目标15%_周变10pct,50.95%,-4.98%,68.25%,1.6915,15.00%,11.96%,30.00%,vol_scaled,
-7.29%,-7.53%,23,10.00%,2018年,30.00%,0.59,信号限速测试,7.06%,12.97%,3.03%,5.26%,波动率调整限速_30%_目标15%_周变10pct,50.95%,-5.77%,66.67%,1.0287,15.00%,11.96%,30.00%,vol_scaled,
-7.29%,-7.53%,23,10.00%,2019年,30.00%,2.60,信号限速测试,7.06%,13.98%,15.81%,5.72%,波动率调整限速_30%_目标15%_周变10pct,50.95%,-3.16%,66.67%,1.1527,15.00%,11.96%,30.00%,vol_scaled,
-7.29%,-7.53%,23,10.00%,2020年,30.00%,1.65,信号限速测试,7.06%,13.61%,14.43%,8.40%,波动率调整限速_30%_目标15%_周变10pct,50.95%,-7.53%,66.67%,1.1388,15.00%,11.96%,30.00%,vol_scaled,
-7.29%,-7.53%,23,10.00%,2021年,30.00%,1.43,信号限速测试,7.06%,14.14%,10.14%,6.90%,波动率调整限速_30%_目标15%_周变10pct,50.95%,-3.57%,58.33%,1.0976,15.00%,11.96%,30.00%,vol_scaled,
-7.29%,-7.53%,23,10.00%,2022年,30.00%,1.13,信号限速测试,7.06%,11.89%,7.06%,6.20%,波动率调整限速_30%_目标15%_周变10pct,50.95%,-4.98%,66.67%,1.0677,15.00%,11.96%,30.00%,vol_scaled,
-7.29%,-7.53%,23,10.00%,2023年,30.00%,2.56,信号限速测试,7.06%,12.25%,10.40%,3.90%,波动率调整限速_30%_目标15%_周变10pct,50.95%,-2.05%,58.33%,1.0997,15.00%,11.96%,30.00%,vol_scaled,
-7.29%,-7.53%,23,10.00%,2024年,30.00%,2.19,信号限速测试,7.06%,11.27%,11.52%,5.04%,波动率调整限速_30%_目标15%_周变10pct,50.95%,-2.69%,75.00%,1.1104,15.00%,11.96%,30.00%,vol_scaled,
-7.29%,-7.53%,23,10.00%,2025年,30.00%,2.31,信号限速测试,7.06%,13.28%,13.90%,5.70%,波动率调整限速_30%_目标15%_周变10pct,50.95%,-3.36%,75.00%,1.1337,15.00%,11.96%,30.00%,vol_scaled,
-7.29%,-7.53%,23,10.00%,2026年,30.00%,2.25,信号限速测试,7.06%,13.52%,20.65%,8.51%,波动率调整限速_30%_目标15%_周变10pct,50.95%,-2.99%,100.00%,1.0426,15.00%,11.96%,30.00%,vol_scaled,
-7.46%,-7.70%,23,15.00%,全局 (Total),30.00%,1.64,信号限速测试,6.89%,12.98%,11.26%,6.63%,固定仓位限速_30%_周变15pct,56.56%,-7.70%,65.66%,2.3264,,14.89%,30.00%,fixed,
-7.46%,-7.70%,23,15.00%,训练期 (2018-2020),30.00%,1.53,信号限速测试,6.89%,13.57%,11.65%,7.37%,固定仓位限速_30%_周变15pct,56.56%,-7.70%,69.44%,1.3738,,14.89%,30.00%,fixed,
-7.46%,-7.70%,23,15.00%,验证期 (2021-2026),30.00%,1.73,信号限速测试,6.89%,12.64%,11.04%,6.17%,固定仓位限速_30%_周变15pct,56.56%,-4.98%,63.49%,1.6935,,14.89%,30.00%,fixed,
-7.46%,-7.70%,23,15.00%,2018年,30.00%,0.62,信号限速测试,6.89%,12.97%,3.32%,5.54%,固定仓位限速_30%_周变15pct,56.56%,-5.94%,66.67%,1.0315,,14.89%,30.00%,fixed,
-7.46%,-7.70%,23,15.00%,2019年,30.00%,2.18,信号限速测试,6.89%,14.11%,16.63%,7.19%,固定仓位限速_30%_周变15pct,56.56%,-4.66%,75.00%,1.1606,,14.89%,30.00%,fixed,
-7.46%,-7.70%,23,15.00%,2020年,30.00%,1.64,信号限速测试,6.89%,13.60%,15.34%,8.96%,固定仓位限速_30%_周变15pct,56.56%,-7.70%,66.67%,1.1475,,14.89%,30.00%,fixed,
-7.46%,-7.70%,23,15.00%,2021年,30.00%,1.27,信号限速测试,6.89%,14.17%,9.67%,7.50%,固定仓位限速_30%_周变15pct,56.56%,-4.14%,58.33%,1.0931,,14.89%,30.00%,fixed,
-7.46%,-7.70%,23,15.00%,2022年,30.00%,1.04,信号限速测试,6.89%,11.90%,6.48%,6.23%,固定仓位限速_30%_周变15pct,56.56%,-4.98%,58.33%,1.0621,,14.89%,30.00%,fixed,
-7.46%,-7.70%,23,15.00%,2023年,30.00%,2.66,信号限速测试,6.89%,12.23%,10.87%,3.90%,固定仓位限速_30%_周变15pct,56.56%,-2.05%,58.33%,1.1042,,14.89%,30.00%,fixed,
-7.46%,-7.70%,23,15.00%,2024年,30.00%,1.83,信号限速测试,6.89%,11.32%,11.77%,6.18%,固定仓位限速_30%_周变15pct,56.56%,-3.89%,66.67%,1.1128,,14.89%,30.00%,fixed,
-7.46%,-7.70%,23,15.00%,2025年,30.00%,2.38,信号限速测试,6.89%,13.34%,14.60%,5.79%,固定仓位限速_30%_周变15pct,56.56%,-3.26%,75.00%,1.1405,,14.89%,30.00%,fixed,
-7.46%,-7.70%,23,15.00%,2026年,30.00%,2.10,信号限速测试,6.89%,13.59%,19.76%,8.75%,固定仓位限速_30%_周变15pct,56.56%,-2.99%,66.67%,1.0409,,14.89%,30.00%,fixed,
-7.46%,-7.70%,23,15.00%,全局 (Total),30.00%,1.76,信号限速测试,7.12%,12.94%,11.08%,6.07%,波动率调整限速_30%_目标15%_周变15pct,56.56%,-7.70%,66.67%,2.2967,15.00%,11.95%,30.00%,vol_scaled,
-7.46%,-7.70%,23,15.00%,训练期 (2018-2020),30.00%,1.63,信号限速测试,7.12%,13.51%,11.03%,6.54%,波动率调整限速_30%_目标15%_周变15pct,56.56%,-7.70%,66.67%,1.3518,15.00%,11.95%,30.00%,vol_scaled,
-7.46%,-7.70%,23,15.00%,验证期 (2021-2026),30.00%,1.85,信号限速测试,7.12%,12.61%,11.11%,5.79%,波动率调整限速_30%_目标15%_周变15pct,56.56%,-4.98%,66.67%,1.6990,15.00%,11.95%,30.00%,vol_scaled,
-7.46%,-7.70%,23,15.00%,2018年,30.00%,0.64,信号限速测试,7.12%,12.95%,3.26%,5.26%,波动率调整限速_30%_目标15%_周变15pct,56.56%,-5.77%,66.67%,1.0308,15.00%,11.95%,30.00%,vol_scaled,
-7.46%,-7.70%,23,15.00%,2019年,30.00%,2.62,信号限速测试,7.12%,13.98%,16.06%,5.75%,波动率调整限速_30%_目标15%_周变15pct,56.56%,-3.16%,66.67%,1.1552,15.00%,11.95%,30.00%,vol_scaled,
-7.46%,-7.70%,23,15.00%,2020年,30.00%,1.64,信号限速测试,7.12%,13.59%,14.05%,8.22%,波动率调整限速_30%_目标15%_周变15pct,56.56%,-7.70%,66.67%,1.1352,15.00%,11.95%,30.00%,vol_scaled,
-7.46%,-7.70%,23,15.00%,2021年,30.00%,1.43,信号限速测试,7.12%,14.13%,10.13%,6.89%,波动率调整限速_30%_目标15%_周变15pct,56.56%,-3.57%,58.33%,1.0975,15.00%,11.95%,30.00%,vol_scaled,
-7.46%,-7.70%,23,15.00%,2022年,30.00%,1.09,信号限速测试,7.12%,11.89%,6.81%,6.21%,波动率调整限速_30%_目标15%_周变15pct,56.56%,-4.98%,58.33%,1.0653,15.00%,11.95%,30.00%,vol_scaled,
-7.46%,-7.70%,23,15.00%,2023年,30.00%,2.57,信号限速测试,7.12%,12.23%,10.40%,3.88%,波动率调整限速_30%_目标15%_周变15pct,56.56%,-2.05%,58.33%,1.0997,15.00%,11.95%,30.00%,vol_scaled,
-7.46%,-7.70%,23,15.00%,2024年,30.00%,2.21,信号限速测试,7.12%,11.27%,11.99%,5.18%,波动率调整限速_30%_目标15%_周变15pct,56.56%,-2.69%,75.00%,1.1149,15.00%,11.95%,30.00%,vol_scaled,
-7.46%,-7.70%,23,15.00%,2025年,30.00%,2.41,信号限速测试,7.12%,13.29%,14.22%,5.59%,波动率调整限速_30%_目标15%_周变15pct,56.56%,-3.02%,75.00%,1.1368,15.00%,11.95%,30.00%,vol_scaled,
-7.46%,-7.70%,23,15.00%,2026年,30.00%,2.25,信号限速测试,7.12%,13.52%,20.65%,8.51%,波动率调整限速_30%_目标15%_周变15pct,56.56%,-2.99%,100.00%,1.0426,15.00%,11.95%,30.00%,vol_scaled,
-7.38%,-7.62%,23,20.00%,全局 (Total),30.00%,1.66,信号限速测试,6.87%,12.97%,11.35%,6.62%,固定仓位限速_30%_周变20pct,51.55%,-7.62%,65.66%,2.3410,,14.90%,30.00%,fixed,
-7.38%,-7.62%,23,20.00%,训练期 (2018-2020),30.00%,1.55,信号限速测试,6.87%,13.56%,11.66%,7.31%,固定仓位限速_30%_周变20pct,51.55%,-7.62%,69.44%,1.3740,,14.90%,30.00%,fixed,
-7.38%,-7.62%,23,20.00%,验证期 (2021-2026),30.00%,1.74,信号限速测试,6.87%,12.64%,11.17%,6.19%,固定仓位限速_30%_周变20pct,51.55%,-4.98%,63.49%,1.7037,,14.90%,30.00%,fixed,
-7.38%,-7.62%,23,20.00%,2018年,30.00%,0.62,信号限速测试,6.87%,12.96%,3.33%,5.53%,固定仓位限速_30%_周变20pct,51.55%,-5.94%,66.67%,1.0316,,14.90%,30.00%,fixed,
-7.38%,-7.62%,23,20.00%,2019年,30.00%,2.18,信号限速测试,6.87%,14.12%,16.71%,7.20%,固定仓位限速_30%_周变20pct,51.55%,-4.66%,75.00%,1.1614,,14.90%,30.00%,fixed,
-7.38%,-7.62%,23,20.00%,2020年,30.00%,1.66,信号限速测试,6.87%,13.60%,15.28%,8.82%,固定仓位限速_30%_周变20pct,51.55%,-7.62%,66.67%,1.1469,,14.90%,30.00%,fixed,
-7.38%,-7.62%,23,20.00%,2021年,30.00%,1.27,信号限速测试,6.87%,14.17%,9.66%,7.50%,固定仓位限速_30%_周变20pct,51.55%,-4.14%,58.33%,1.0930,,14.90%,30.00%,fixed,
-7.38%,-7.62%,23,20.00%,2022年,30.00%,1.02,信号限速测试,6.87%,11.90%,6.38%,6.23%,固定仓位限速_30%_周变20pct,51.55%,-4.98%,58.33%,1.0612,,14.90%,30.00%,fixed,
-7.38%,-7.62%,23,20.00%,2023年,30.00%,2.69,信号限速测试,6.87%,12.23%,10.95%,3.89%,固定仓位限速_30%_周变20pct,51.55%,-2.05%,58.33%,1.1049,,14.90%,30.00%,fixed,
-7.38%,-7.62%,23,20.00%,2024年,30.00%,1.87,信号限速测试,6.87%,11.31%,12.31%,6.31%,固定仓位限速_30%_周变20pct,51.55%,-3.89%,66.67%,1.1180,,14.90%,30.00%,fixed,
-7.38%,-7.62%,23,20.00%,2025年,30.00%,2.41,信号限速测试,6.87%,13.34%,14.81%,5.79%,固定仓位限速_30%_周变20pct,51.55%,-3.05%,75.00%,1.1424,,14.90%,30.00%,fixed,
-7.38%,-7.62%,23,20.00%,2026年,30.00%,2.10,信号限速测试,6.87%,13.59%,19.76%,8.75%,固定仓位限速_30%_周变20pct,51.55%,-2.99%,66.67%,1.0409,,14.90%,30.00%,fixed,
-7.38%,-7.62%,23,20.00%,全局 (Total),30.00%,1.77,信号限速测试,7.14%,12.94%,11.13%,6.05%,波动率调整限速_30%_目标15%_周变20pct,50.95%,-7.62%,66.67%,2.3048,15.00%,11.96%,30.00%,vol_scaled,
-7.38%,-7.62%,23,20.00%,训练期 (2018-2020),30.00%,1.65,信号限速测试,7.14%,13.51%,11.06%,6.48%,波动率调整限速_30%_目标15%_周变20pct,50.95%,-7.62%,66.67%,1.3527,15.00%,11.96%,30.00%,vol_scaled,
-7.38%,-7.62%,23,20.00%,验证期 (2021-2026),30.00%,1.86,信号限速测试,7.14%,12.61%,11.17%,5.80%,波动率调整限速_30%_目标15%_周变20pct,50.95%,-4.98%,66.67%,1.7038,15.00%,11.96%,30.00%,vol_scaled,
-7.38%,-7.62%,23,20.00%,2018年,30.00%,0.64,信号限速测试,7.14%,12.94%,3.26%,5.26%,波动率调整限速_30%_目标15%_周变20pct,50.95%,-5.77%,66.67%,1.0309,15.00%,11.96%,30.00%,vol_scaled,
-7.38%,-7.62%,23,20.00%,2019年,30.00%,2.63,信号限速测试,7.14%,13.98%,16.14%,5.76%,波动率调整限速_30%_目标15%_周变20pct,50.95%,-3.16%,66.67%,1.1559,15.00%,11.96%,30.00%,vol_scaled,
-7.38%,-7.62%,23,20.00%,2020年,30.00%,1.67,信号限速测试,7.14%,13.59%,14.06%,8.07%,波动率调整限速_30%_目标15%_周变20pct,50.95%,-7.62%,66.67%,1.1352,15.00%,11.96%,30.00%,vol_scaled,
-7.38%,-7.62%,23,20.00%,2021年,30.00%,1.43,信号限速测试,7.14%,14.13%,10.12%,6.89%,波动率调整限速_30%_目标15%_周变20pct,50.95%,-3.57%,58.33%,1.0974,15.00%,11.96%,30.00%,vol_scaled,
-7.38%,-7.62%,23,20.00%,2022年,30.00%,1.08,信号限速测试,7.14%,11.89%,6.71%,6.21%,波动率调整限速_30%_目标15%_周变20pct,50.95%,-4.98%,58.33%,1.0644,15.00%,11.96%,30.00%,vol_scaled,
-7.38%,-7.62%,23,20.00%,2023年,30.00%,2.59,信号限速测试,7.14%,12.22%,10.48%,3.87%,波动率调整限速_30%_目标15%_周变20pct,50.95%,-2.05%,58.33%,1.1005,15.00%,11.96%,30.00%,vol_scaled,
-7.38%,-7.62%,23,20.00%,2024年,30.00%,2.22,信号限速测试,7.14%,11.27%,12.13%,5.23%,波动率调整限速_30%_目标15%_周变20pct,50.95%,-2.69%,75.00%,1.1162,15.00%,11.96%,30.00%,vol_scaled,
-7.38%,-7.62%,23,20.00%,2025年,30.00%,2.44,信号限速测试,7.14%,13.30%,14.45%,5.59%,波动率调整限速_30%_目标15%_周变20pct,50.95%,-2.87%,75.00%,1.1390,15.00%,11.96%,30.00%,vol_scaled,
-7.38%,-7.62%,23,20.00%,2026年,30.00%,2.25,信号限速测试,7.14%,13.52%,20.65%,8.51%,波动率调整限速_30%_目标15%_周变20pct,50.95%,-2.99%,100.00%,1.0426,15.00%,11.96%,30.00%,vol_scaled,
